Workbook

Sheet Instructions
A1: JE Vaccination Campaign - Daily Reporting Workbook
A2: जापानिज इन्सेफ्लाइटिस खोप अभियान - दैनिक प्रतिवेदन पुस्तिका
A4: How to use this file / प्रयोग विधि:
A5: 1. Each of the 15 sheet tabs below is one local level (palika), same as JE-083_84.xlsx.
A6: प्रत्येक ट्याब एउटा स्थानीय तह हो, JE-083_84.xlsx जस्तै।
A7: 2. Every sheet has a 'Campaign Total' table at the top, then one table per campaign day
A8: (Day 1 to Day 15) below it. Only type into the WHITE cells inside each day's table -
A9: the age 30-60 and age 60+ Female/Male counts for that day, for each ward.
A10: माथिको जम्मा तालिका र मुनि दिनको तालिकाहरू छन् - सेता कोष्ठमा मात्र त्यस दिनको संख्या लेख्नुहोस्।
A11: 3. Grey cells calculate themselves (Total, Grand Total, Progress %, and the Campaign
A12: Total table at the top). Do not type into grey cells.
A13: खरानी रङका कोष्ठले आफै गणना गर्छन् - त्यहाँ नलेख्नुहोस्।
... A20: Source of population / JE target figures: JE-083_84.xlsx (unchanged, kept alongside this file).

Sheet Mechinagar Municipality
A1: Mechinagar Municipality - Campaign Total (5-19 Oct 2026)
A2: Ward no. | B2: Total population | C2: JE target population | D2: Vaccinated | M2: Progress %
D3: Age 30-60 yrs | G3: Age 60 above | J3: Total | L3: Grand Total
D4: F | E4: M | F4: Total | G4: F | H4: M | I4: Total | J4: F | K4: M
A5: 1 | B5: 6478 | C5: 3109.44 | D5: =D26+D47+D68+D89+D110+D131+D152+D173+D194+D215+D236+D257+D278+D299+D320 | E5: =E26+E47+E68+E89+E110+E131+E152+E173+E194+E215+E236+E257+E278+E299+E320 | F5: =D5+E5 | G5: =G26+G47+G68+G89+G110+G131+G152+G173+G194+G215+G236+G257+G278+G299+G320 | H5: =H26+H47+H68+H89+H110+H131+H152+H173+H194+H215+H236+H257+H278+H299+H320 | I5: =G5+H5 | J5: =D5+G5 | K5: =E5+H5 | L5: =J5+K5 | M5: =IF(C5=0,0,L5/C5*100)
A6: 2 | B6: 6940 | C6: 3331.2 | D6: =D27+D48+D69+D90+D111+D132+D153+D174+D195+D216+D237+D258+D279+D300+D321 | E6: =E27+E48+E69+E90+E111+E132+E153+E174+E195+E216+E237+E258+E279+E300+E321 | F6: =D6+E6 | G6: =G27+G48+G69+G90+G111+G132+G153+G174+G195+G216+G237+G258+G279+G300+G321 | H6: =H27+H48+H69+H90+H111+H132+H153+H174+H195+H216+H237+H258+H279+H300+H321 | I6: =G6+H6 | J6: =D6+G6 | K6: =E6+H6 | L6: =J6+K6 | M6: =IF(C6=0,0,L6/C6*100)
A7: 3 | B7: 7375 | C7: 3540 | D7: =D28+D49+D70+D91+D112+D133+D154+D175+D196+D217+D238+D259+D280+D301+D322 | E7: =E28+E49+E70+E91+E112+E133+E154+E175+E196+E217+E238+E259+E280+E301+E322 | F7: =D7+E7 | G7: =G28+G49+G70+G91+G112+G133+G154+G175+G196+G217+G238+G259+G280+G301+G322 | H7: =H28+H49+H70+H91+H112+H133+H154+H175+H196+H217+H238+H259+H280+H301+H322 | I7: =G7+H7 | J7: =D7+G7 | K7: =E7+H7 | L7: =J7+K7 | M7: =IF(C7=0,0,L7/C7*100)
A8: 4 | B8: 5531 | C8: 2654.88 | D8: =D29+D50+D71+D92+D113+D134+D155+D176+D197+D218+D239+D260+D281+D302+D323 | E8: =E29+E50+E71+E92+E113+E134+E155+E176+E197+E218+E239+E260+E281+E302+E323 | F8: =D8+E8 | G8: =G29+G50+G71+G92+G113+G134+G155+G176+G197+G218+G239+G260+G281+G302+G323 | H8: =H29+H50+H71+H92+H113+H134+H155+H176+H197+H218+H239+H260+H281+H302+H323 | I8: =G8+H8 | J8: =D8+G8 | K8: =E8+H8 | L8: =J8+K8 | M8: =IF(C8=0,0,L8/C8*100)
A9: 5 | B9: 5457 | C9: 2619.36 | D9: =D30+D51+D72+D93+D114+D135+D156+D177+D198+D219+D240+D261+D282+D303+D324 | E9: =E30+E51+E72+E93+E114+E135+E156+E177+E198+E219+E240+E261+E282+E303+E324 | F9: =D9+E9 | G9: =G30+G51+G72+G93+G114+G135+G156+G177+G198+G219+G240+G261+G282+G303+G324 | H9: =H30+H51+H72+H93+H114+H135+H156+H177+H198+H219+H240+H261+H282+H303+H324 | I9: =G9+H9 | J9: =D9+G9 | K9: =E9+H9 | L9: =J9+K9 | M9: =IF(C9=0,0,L9/C9*100)
A10: 6 | B10: 16161 | C10: 7757.28 | D10: =D31+D52+D73+D94+D115+D136+D157+D178+D199+D220+D241+D262+D283+D304+D325 | E10: =E31+E52+E73+E94+E115+E136+E157+E178+E199+E220+E241+E262+E283+E304+E325 | F10: =D10+E10 | G10: =G31+G52+G73+G94+G115+G136+G157+G178+G199+G220+G241+G262+G283+G304+G325 | H10: =H31+H52+H73+H94+H115+H136+H157+H178+H199+H220+H241+H262+H283+H304+H325 | I10: =G10+H10 | J10: =D10+G10 | K10: =E10+H10 | L10: =J10+K10 | M10: =IF(C10=0,0,L10/C10*100)
A11: 7 | B11: 13537 | C11: 6497.76 | D11: =D32+D53+D74+D95+D116+D137+D158+D179+D200+D221+D242+D263+D284+D305+D326 | E11: =E32+E53+E74+E95+E116+E137+E158+E179+E200+E221+E242+E263+E284+E305+E326 | F11: =D11+E11 | G11: =G32+G53+G74+G95+G116+G137+G158+G179+G200+G221+G242+G263+G284+G305+G326 | H11: =H32+H53+H74+H95+H116+H137+H158+H179+H200+H221+H242+H263+H284+H305+H326 | I11: =G11+H11 | J11: =D11+G11 | K11: =E11+H11 | L11: =J11+K11 | M11: =IF(C11=0,0,L11/C11*100)
A12: 8 | B12: 8527 | C12: 4092.96 | D12: =D33+D54+D75+D96+D117+D138+D159+D180+D201+D222+D243+D264+D285+D306+D327 | E12: =E33+E54+E75+E96+E117+E138+E159+E180+E201+E222+E243+E264+E285+E306+E327 | F12: =D12+E12 | G12: =G33+G54+G75+G96+G117+G138+G159+G180+G201+G222+G243+G264+G285+G306+G327 | H12: =H33+H54+H75+H96+H117+H138+H159+H180+H201+H222+H243+H264+H285+H306+H327 | I12: =G12+H12 | J12: =D12+G12 | K12: =E12+H12 | L12: =J12+K12 | M12: =IF(C12=0,0,L12/C12*100)
A13: 9 | B13: 12286 | C13: 5897.28 | D13: =D34+D55+D76+D97+D118+D139+D160+D181+D202+D223+D244+D265+D286+D307+D328 | E13: =E34+E55+E76+E97+E118+E139+E160+E181+E202+E223+E244+E265+E286+E307+E328 | F13: =D13+E13 | G13: =G34+G55+G76+G97+G118+G139+G160+G181+G202+G223+G244+G265+G286+G307+G328 | H13: =H34+H55+H76+H97+H118+H139+H160+H181+H202+H223+H244+H265+H286+H307+H328 | I13: =G13+H13 | J13: =D13+G13 | K13: =E13+H13 | L13: =J13+K13 | M13: =IF(C13=0,0,L13/C13*100)
A14: 10 | B14: 15923 | C14: 7643.04 | D14: =D35+D56+D77+D98+D119+D140+D161+D182+D203+D224+D245+D266+D287+D308+D329 | E14: =E35+E56+E77+E98+E119+E140+E161+E182+E203+E224+E245+E266+E287+E308+E329 | F14: =D14+E14 | G14: =G35+G56+G77+G98+G119+G140+G161+G182+G203+G224+G245+G266+G287+G308+G329 | H14: =H35+H56+H77+H98+H119+H140+H161+H182+H203+H224+H245+H266+H287+H308+H329 | I14: =G14+H14 | J14: =D14+G14 | K14: =E14+H14 | L14: =J14+K14 | M14: =IF(C14=0,0,L14/C14*100)
A15: 11 | B15: 6760 | C15: 3244.8 | D15: =D36+D57+D78+D99+D120+D141+D162+D183+D204+D225+D246+D267+D288+D309+D330 | E15: =E36+E57+E78+E99+E120+E141+E162+E183+E204+E225+E246+E267+E288+E309+E330 | F15: =D15+E15 | G15: =G36+G57+G78+G99+G120+G141+G162+G183+G204+G225+G246+G267+G288+G309+G330 | H15: =H36+H57+H78+H99+H120+H141+H162+H183+H204+H225+H246+H267+H288+H309+H330 | I15: =G15+H15 | J15: =D15+G15 | K15: =E15+H15 | L15: =J15+K15 | M15: =IF(C15=0,0,L15/C15*100)
A16: 12 | B16: 8356 | C16: 4010.88 | D16: =D37+D58+D79+D100+D121+D142+D163+D184+D205+D226+D247+D268+D289+D310+D331 | E16: =E37+E58+E79+E100+E121+E142+E163+E184+E205+E226+E247+E268+E289+E310+E331 | F16: =D16+E16 | G16: =G37+G58+G79+G100+G121+G142+G163+G184+G205+G226+G247+G268+G289+G310+G331 | H16: =H37+H58+H79+H100+H121+H142+H163+H184+H205+H226+H247+H268+H289+H310+H331 | I16: =G16+H16 | J16: =D16+G16 | K16: =E16+H16 | L16: =J16+K16 | M16: =IF(C16=0,0,L16/C16*100)
... A19: 15 | B19: 8487 | C19: 4073.76 | D19: =D40+D61+D82+D103+D124+D145+D166+D187+D208+D229+D250+D271+D292+D313+D334 | E19: =E40+E61+E82+E103+E124+E145+E166+E187+E208+E229+E250+E271+E292+E313+E334 | F19: =D19+E19 | G19: =G40+G61+G82+G103+G124+G145+G166+G187+G208+G229+G250+G271+G292+G313+G334 | H19: =H40+H61+H82+H103+H124+H145+H166+H187+H208+H229+H250+H271+H292+H313+H334 | I19: =G19+H19 | J19: =D19+G19 | K19: =E19+H19 | L19: =J19+K19 | M19: =IF(C19=0,0,L19/C19*100)
A20: Total | B20: =SUM(B5:B19) | C20: =SUM(C5:C19) | D20: =SUM(D5:D19) | E20: =SUM(E5:E19) | F20: =D20+E20 | G20: =SUM(G5:G19) | H20: =SUM(H5:H19) | I20: =G20+H20 | J20: =D20+G20 | K20: =E20+H20 | L20: =J20+K20 | M20: =IF(C20=0,0,L20/C20*100)
A22: Day 1 - 2026-10-05 (Mon 19 Aswin 2083)
A23: Ward no. | B23: Total population | C23: JE target population | D23: Vaccinated | M23: Progress %
D24: Age 30-60 yrs | G24: Age 60 above | J24: Total | L24: Grand Total
D25: F | E25: M | F25: Total | G25: F | H25: M | I25: Total | J25: F | K25: M
A26: 1 | B26: =B5 | C26: =C5 | F26: =D26+E26 | I26: =G26+H26 | J26: =D26+G26 | K26: =E26+H26 | L26: =J26+K26 | M26: =IF(C26=0,0,L26/C26*100)
A27: 2 | B27: =B6 | C27: =C6 | F27: =D27+E27 | I27: =G27+H27 | J27: =D27+G27 | K27: =E27+H27 | L27: =J27+K27 | M27: =IF(C27=0,0,L27/C27*100)
A28: 3 | B28: =B7 | C28: =C7 | F28: =D28+E28 | I28: =G28+H28 | J28: =D28+G28 | K28: =E28+H28 | L28: =J28+K28 | M28: =IF(C28=0,0,L28/C28*100)
A29: 4 | B29: =B8 | C29: =C8 | F29: =D29+E29 | I29: =G29+H29 | J29: =D29+G29 | K29: =E29+H29 | L29: =J29+K29 | M29: =IF(C29=0,0,L29/C29*100)
A30: 5 | B30: =B9 | C30: =C9 | F30: =D30+E30 | I30: =G30+H30 | J30: =D30+G30 | K30: =E30+H30 | L30: =J30+K30 | M30: =IF(C30=0,0,L30/C30*100)
A31: 6 | B31: =B10 | C31: =C10 | F31: =D31+E31 | I31: =G31+H31 | J31: =D31+G31 | K31: =E31+H31 | L31: =J31+K31 | M31: =IF(C31=0,0,L31/C31*100)
A32: 7 | B32: =B11 | C32: =C11 | F32: =D32+E32 | I32: =G32+H32 | J32: =D32+G32 | K32: =E32+H32 | L32: =J32+K32 | M32: =IF(C32=0,0,L32/C32*100)
A33: 8 | B33: =B12 | C33: =C12 | F33: =D33+E33 | I33: =G33+H33 | J33: =D33+G33 | K33: =E33+H33 | L33: =J33+K33 | M33: =IF(C33=0,0,L33/C33*100)
A34: 9 | B34: =B13 | C34: =C13 | F34: =D34+E34 | I34: =G34+H34 | J34: =D34+G34 | K34: =E34+H34 | L34: =J34+K34 | M34: =IF(C34=0,0,L34/C34*100)
A35: 10 | B35: =B14 | C35: =C14 | F35: =D35+E35 | I35: =G35+H35 | J35: =D35+G35 | K35: =E35+H35 | L35: =J35+K35 | M35: =IF(C35=0,0,L35/C35*100)
A36: 11 | B36: =B15 | C36: =C15 | F36: =D36+E36 | I36: =G36+H36 | J36: =D36+G36 | K36: =E36+H36 | L36: =J36+K36 | M36: =IF(C36=0,0,L36/C36*100)
A37: 12 | B37: =B16 | C37: =C16 | F37: =D37+E37 | I37: =G37+H37 | J37: =D37+G37 | K37: =E37+H37 | L37: =J37+K37 | M37: =IF(C37=0,0,L37/C37*100)
... A40: 15 | B40: =B19 | C40: =C19 | F40: =D40+E40 | I40: =G40+H40 | J40: =D40+G40 | K40: =E40+H40 | L40: =J40+K40 | M40: =IF(C40=0,0,L40/C40*100)
A41: Total | B41: =SUM(B26:B40) | C41: =SUM(C26:C40) | D41: =SUM(D26:D40) | E41: =SUM(E26:E40) | F41: =D41+E41 | G41: =SUM(G26:G40) | H41: =SUM(H26:H40) | I41: =G41+H41 | J41: =D41+G41 | K41: =E41+H41 | L41: =J41+K41 | M41: =IF(C41=0,0,L41/C41*100)
A43: Day 2 - 2026-10-06 (Tue 20 Aswin 2083)
A44: Ward no. | B44: Total population | C44: JE target population | D44: Vaccinated | M44: Progress %
D45: Age 30-60 yrs | G45: Age 60 above | J45: Total | L45: Grand Total
D46: F | E46: M | F46: Total | G46: F | H46: M | I46: Total | J46: F | K46: M
A47: 1 | B47: =B5 | C47: =C5 | F47: =D47+E47 | I47: =G47+H47 | J47: =D47+G47 | K47: =E47+H47 | L47: =J47+K47 | M47: =IF(C47=0,0,L47/C47*100)
A48: 2 | B48: =B6 | C48: =C6 | F48: =D48+E48 | I48: =G48+H48 | J48: =D48+G48 | K48: =E48+H48 | L48: =J48+K48 | M48: =IF(C48=0,0,L48/C48*100)
A49: 3 | B49: =B7 | C49: =C7 | F49: =D49+E49 | I49: =G49+H49 | J49: =D49+G49 | K49: =E49+H49 | L49: =J49+K49 | M49: =IF(C49=0,0,L49/C49*100)
A50: 4 | B50: =B8 | C50: =C8 | F50: =D50+E50 | I50: =G50+H50 | J50: =D50+G50 | K50: =E50+H50 | L50: =J50+K50 | M50: =IF(C50=0,0,L50/C50*100)
A51: 5 | B51: =B9 | C51: =C9 | F51: =D51+E51 | I51: =G51+H51 | J51: =D51+G51 | K51: =E51+H51 | L51: =J51+K51 | M51: =IF(C51=0,0,L51/C51*100)
A52: 6 | B52: =B10 | C52: =C10 | F52: =D52+E52 | I52: =G52+H52 | J52: =D52+G52 | K52: =E52+H52 | L52: =J52+K52 | M52: =IF(C52=0,0,L52/C52*100)
A53: 7 | B53: =B11 | C53: =C11 | F53: =D53+E53 | I53: =G53+H53 | J53: =D53+G53 | K53: =E53+H53 | L53: =J53+K53 | M53: =IF(C53=0,0,L53/C53*100)
A54: 8 | B54: =B12 | C54: =C12 | F54: =D54+E54 | I54: =G54+H54 | J54: =D54+G54 | K54: =E54+H54 | L54: =J54+K54 | M54: =IF(C54=0,0,L54/C54*100)
A55: 9 | B55: =B13 | C55: =C13 | F55: =D55+E55 | I55: =G55+H55 | J55: =D55+G55 | K55: =E55+H55 | L55: =J55+K55 | M55: =IF(C55=0,0,L55/C55*100)
A56: 10 | B56: =B14 | C56: =C14 | F56: =D56+E56 | I56: =G56+H56 | J56: =D56+G56 | K56: =E56+H56 | L56: =J56+K56 | M56: =IF(C56=0,0,L56/C56*100)
A57: 11 | B57: =B15 | C57: =C15 | F57: =D57+E57 | I57: =G57+H57 | J57: =D57+G57 | K57: =E57+H57 | L57: =J57+K57 | M57: =IF(C57=0,0,L57/C57*100)
A58: 12 | B58: =B16 | C58: =C16 | F58: =D58+E58 | I58: =G58+H58 | J58: =D58+G58 | K58: =E58+H58 | L58: =J58+K58 | M58: =IF(C58=0,0,L58/C58*100)
... A61: 15 | B61: =B19 | C61: =C19 | F61: =D61+E61 | I61: =G61+H61 | J61: =D61+G61 | K61: =E61+H61 | L61: =J61+K61 | M61: =IF(C61=0,0,L61/C61*100)
A62: Total | B62: =SUM(B47:B61) | C62: =SUM(C47:C61) | D62: =SUM(D47:D61) | E62: =SUM(E47:E61) | F62: =D62+E62 | G62: =SUM(G47:G61) | H62: =SUM(H47:H61) | I62: =G62+H62 | J62: =D62+G62 | K62: =E62+H62 | L62: =J62+K62 | M62: =IF(C62=0,0,L62/C62*100)
A64: Day 3 - 2026-10-07 (Wed 21 Aswin 2083)
A65: Ward no. | B65: Total population | C65: JE target population | D65: Vaccinated | M65: Progress %
D66: Age 30-60 yrs | G66: Age 60 above | J66: Total | L66: Grand Total
D67: F | E67: M | F67: Total | G67: F | H67: M | I67: Total | J67: F | K67: M
A68: 1 | B68: =B5 | C68: =C5 | F68: =D68+E68 | I68: =G68+H68 | J68: =D68+G68 | K68: =E68+H68 | L68: =J68+K68 | M68: =IF(C68=0,0,L68/C68*100)
A69: 2 | B69: =B6 | C69: =C6 | F69: =D69+E69 | I69: =G69+H69 | J69: =D69+G69 | K69: =E69+H69 | L69: =J69+K69 | M69: =IF(C69=0,0,L69/C69*100)
A70: 3 | B70: =B7 | C70: =C7 | F70: =D70+E70 | I70: =G70+H70 | J70: =D70+G70 | K70: =E70+H70 | L70: =J70+K70 | M70: =IF(C70=0,0,L70/C70*100)
A71: 4 | B71: =B8 | C71: =C8 | F71: =D71+E71 | I71: =G71+H71 | J71: =D71+G71 | K71: =E71+H71 | L71: =J71+K71 | M71: =IF(C71=0,0,L71/C71*100)
A72: 5 | B72: =B9 | C72: =C9 | F72: =D72+E72 | I72: =G72+H72 | J72: =D72+G72 | K72: =E72+H72 | L72: =J72+K72 | M72: =IF(C72=0,0,L72/C72*100)
A73: 6 | B73: =B10 | C73: =C10 | F73: =D73+E73 | I73: =G73+H73 | J73: =D73+G73 | K73: =E73+H73 | L73: =J73+K73 | M73: =IF(C73=0,0,L73/C73*100)
A74: 7 | B74: =B11 | C74: =C11 | F74: =D74+E74 | I74: =G74+H74 | J74: =D74+G74 | K74: =E74+H74 | L74: =J74+K74 | M74: =IF(C74=0,0,L74/C74*100)
A75: 8 | B75: =B12 | C75: =C12 | F75: =D75+E75 | I75: =G75+H75 | J75: =D75+G75 | K75: =E75+H75 | L75: =J75+K75 | M75: =IF(C75=0,0,L75/C75*100)
A76: 9 | B76: =B13 | C76: =C13 | F76: =D76+E76 | I76: =G76+H76 | J76: =D76+G76 | K76: =E76+H76 | L76: =J76+K76 | M76: =IF(C76=0,0,L76/C76*100)
A77: 10 | B77: =B14 | C77: =C14 | F77: =D77+E77 | I77: =G77+H77 | J77: =D77+G77 | K77: =E77+H77 | L77: =J77+K77 | M77: =IF(C77=0,0,L77/C77*100)
A78: 11 | B78: =B15 | C78: =C15 | F78: =D78+E78 | I78: =G78+H78 | J78: =D78+G78 | K78: =E78+H78 | L78: =J78+K78 | M78: =IF(C78=0,0,L78/C78*100)
A79: 12 | B79: =B16 | C79: =C16 | F79: =D79+E79 | I79: =G79+H79 | J79: =D79+G79 | K79: =E79+H79 | L79: =J79+K79 | M79: =IF(C79=0,0,L79/C79*100)
... A82: 15 | B82: =B19 | C82: =C19 | F82: =D82+E82 | I82: =G82+H82 | J82: =D82+G82 | K82: =E82+H82 | L82: =J82+K82 | M82: =IF(C82=0,0,L82/C82*100)
A83: Total | B83: =SUM(B68:B82) | C83: =SUM(C68:C82) | D83: =SUM(D68:D82) | E83: =SUM(E68:E82) | F83: =D83+E83 | G83: =SUM(G68:G82) | H83: =SUM(H68:H82) | I83: =G83+H83 | J83: =D83+G83 | K83: =E83+H83 | L83: =J83+K83 | M83: =IF(C83=0,0,L83/C83*100)
A85: Day 4 - 2026-10-08 (Thu 22 Aswin 2083)
A86: Ward no. | B86: Total population | C86: JE target population | D86: Vaccinated | M86: Progress %
D87: Age 30-60 yrs | G87: Age 60 above | J87: Total | L87: Grand Total
D88: F | E88: M | F88: Total | G88: F | H88: M | I88: Total | J88: F | K88: M
A89: 1 | B89: =B5 | C89: =C5 | F89: =D89+E89 | I89: =G89+H89 | J89: =D89+G89 | K89: =E89+H89 | L89: =J89+K89 | M89: =IF(C89=0,0,L89/C89*100)
A90: 2 | B90: =B6 | C90: =C6 | F90: =D90+E90 | I90: =G90+H90 | J90: =D90+G90 | K90: =E90+H90 | L90: =J90+K90 | M90: =IF(C90=0,0,L90/C90*100)
A91: 3 | B91: =B7 | C91: =C7 | F91: =D91+E91 | I91: =G91+H91 | J91: =D91+G91 | K91: =E91+H91 | L91: =J91+K91 | M91: =IF(C91=0,0,L91/C91*100)
A92: 4 | B92: =B8 | C92: =C8 | F92: =D92+E92 | I92: =G92+H92 | J92: =D92+G92 | K92: =E92+H92 | L92: =J92+K92 | M92: =IF(C92=0,0,L92/C92*100)
A93: 5 | B93: =B9 | C93: =C9 | F93: =D93+E93 | I93: =G93+H93 | J93: =D93+G93 | K93: =E93+H93 | L93: =J93+K93 | M93: =IF(C93=0,0,L93/C93*100)
A94: 6 | B94: =B10 | C94: =C10 | F94: =D94+E94 | I94: =G94+H94 | J94: =D94+G94 | K94: =E94+H94 | L94: =J94+K94 | M94: =IF(C94=0,0,L94/C94*100)
A95: 7 | B95: =B11 | C95: =C11 | F95: =D95+E95 | I95: =G95+H95 | J95: =D95+G95 | K95: =E95+H95 | L95: =J95+K95 | M95: =IF(C95=0,0,L95/C95*100)
A96: 8 | B96: =B12 | C96: =C12 | F96: =D96+E96 | I96: =G96+H96 | J96: =D96+G96 | K96: =E96+H96 | L96: =J96+K96 | M96: =IF(C96=0,0,L96/C96*100)
A97: 9 | B97: =B13 | C97: =C13 | F97: =D97+E97 | I97: =G97+H97 | J97: =D97+G97 | K97: =E97+H97 | L97: =J97+K97 | M97: =IF(C97=0,0,L97/C97*100)
A98: 10 | B98: =B14 | C98: =C14 | F98: =D98+E98 | I98: =G98+H98 | J98: =D98+G98 | K98: =E98+H98 | L98: =J98+K98 | M98: =IF(C98=0,0,L98/C98*100)
A99: 11 | B99: =B15 | C99: =C15 | F99: =D99+E99 | I99: =G99+H99 | J99: =D99+G99 | K99: =E99+H99 | L99: =J99+K99 | M99: =IF(C99=0,0,L99/C99*100)
A100: 12 | B100: =B16 | C100: =C16 | F100: =D100+E100 | I100: =G100+H100 | J100: =D100+G100 | K100: =E100+H100 | L100: =J100+K100 | M100: =IF(C100=0,0,L100/C100*100)
... A103: 15 | B103: =B19 | C103: =C19 | F103: =D103+E103 | I103: =G103+H103 | J103: =D103+G103 | K103: =E103+H103 | L103: =J103+K103 | M103: =IF(C103=0,0,L103/C103*100)
A104: Total | B104: =SUM(B89:B103) | C104: =SUM(C89:C103) | D104: =SUM(D89:D103) | E104: =SUM(E89:E103) | F104: =D104+E104 | G104: =SUM(G89:G103) | H104: =SUM(H89:H103) | I104: =G104+H104 | J104: =D104+G104 | K104: =E104+H104 | L104: =J104+K104 | M104: =IF(C104=0,0,L104/C104*100)
A106: Day 5 - 2026-10-09 (Fri 23 Aswin 2083)
A107: Ward no. | B107: Total population | C107: JE target population | D107: Vaccinated | M107: Progress %
D108: Age 30-60 yrs | G108: Age 60 above | J108: Total | L108: Grand Total
D109: F | E109: M | F109: Total | G109: F | H109: M | I109: Total | J109: F | K109: M
A110: 1 | B110: =B5 | C110: =C5 | F110: =D110+E110 | I110: =G110+H110 | J110: =D110+G110 | K110: =E110+H110 | L110: =J110+K110 | M110: =IF(C110=0,0,L110/C110*100)
A111: 2 | B111: =B6 | C111: =C6 | F111: =D111+E111 | I111: =G111+H111 | J111: =D111+G111 | K111: =E111+H111 | L111: =J111+K111 | M111: =IF(C111=0,0,L111/C111*100)
A112: 3 | B112: =B7 | C112: =C7 | F112: =D112+E112 | I112: =G112+H112 | J112: =D112+G112 | K112: =E112+H112 | L112: =J112+K112 | M112: =IF(C112=0,0,L112/C112*100)
A113: 4 | B113: =B8 | C113: =C8 | F113: =D113+E113 | I113: =G113+H113 | J113: =D113+G113 | K113: =E113+H113 | L113: =J113+K113 | M113: =IF(C113=0,0,L113/C113*100)
A114: 5 | B114: =B9 | C114: =C9 | F114: =D114+E114 | I114: =G114+H114 | J114: =D114+G114 | K114: =E114+H114 | L114: =J114+K114 | M114: =IF(C114=0,0,L114/C114*100)
A115: 6 | B115: =B10 | C115: =C10 | F115: =D115+E115 | I115: =G115+H115 | J115: =D115+G115 | K115: =E115+H115 | L115: =J115+K115 | M115: =IF(C115=0,0,L115/C115*100)
...

Sheet Buddhashanti Gaunpalika
A1: Buddhashanti Gaunpalika - Campaign Total (5-19 Oct 2026)
A2: Ward no. | B2: Total population | C2: JE target population | D2: Vaccinated | M2: Progress %
D3: Age 30-60 yrs | G3: Age 60 above | J3: Total | L3: Grand Total
D4: F | E4: M | F4: Total | G4: F | H4: M | I4: Total | J4: F | K4: M
A5: 1 | B5: 10670 | C5: 5121.6 | D5: =D18+D31+D44+D57+D70+D83+D96+D109+D122+D135+D148+D161+D174+D187+D200 | E5: =E18+E31+E44+E57+E70+E83+E96+E109+E122+E135+E148+E161+E174+E187+E200 | F5: =D5+E5 | G5: =G18+G31+G44+G57+G70+G83+G96+G109+G122+G135+G148+G161+G174+G187+G200 | H5: =H18+H31+H44+H57+H70+H83+H96+H109+H122+H135+H148+H161+H174+H187+H200 | I5: =G5+H5 | J5: =D5+G5 | K5: =E5+H5 | L5: =J5+K5 | M5: =IF(C5=0,0,L5/C5*100)
A6: 2 | B6: 9393 | C6: 4508.64 | D6: =D19+D32+D45+D58+D71+D84+D97+D110+D123+D136+D149+D162+D175+D188+D201 | E6: =E19+E32+E45+E58+E71+E84+E97+E110+E123+E136+E149+E162+E175+E188+E201 | F6: =D6+E6 | G6: =G19+G32+G45+G58+G71+G84+G97+G110+G123+G136+G149+G162+G175+G188+G201 | H6: =H19+H32+H45+H58+H71+H84+H97+H110+H123+H136+H149+H162+H175+H188+H201 | I6: =G6+H6 | J6: =D6+G6 | K6: =E6+H6 | L6: =J6+K6 | M6: =IF(C6=0,0,L6/C6*100)
A7: 3 | B7: 12660 | C7: 6076.8 | D7: =D20+D33+D46+D59+D72+D85+D98+D111+D124+D137+D150+D163+D176+D189+D202 | E7: =E20+E33+E46+E59+E72+E85+E98+E111+E124+E137+E150+E163+E176+E189+E202 | F7: =D7+E7 | G7: =G20+G33+G46+G59+G72+G85+G98+G111+G124+G137+G150+G163+G176+G189+G202 | H7: =H20+H33+H46+H59+H72+H85+H98+H111+H124+H137+H150+H163+H176+H189+H202 | I7: =G7+H7 | J7: =D7+G7 | K7: =E7+H7 | L7: =J7+K7 | M7: =IF(C7=0,0,L7/C7*100)
A8: 4 | B8: 12054 | C8: 5785.92 | D8: =D21+D34+D47+D60+D73+D86+D99+D112+D125+D138+D151+D164+D177+D190+D203 | E8: =E21+E34+E47+E60+E73+E86+E99+E112+E125+E138+E151+E164+E177+E190+E203 | F8: =D8+E8 | G8: =G21+G34+G47+G60+G73+G86+G99+G112+G125+G138+G151+G164+G177+G190+G203 | H8: =H21+H34+H47+H60+H73+H86+H99+H112+H125+H138+H151+H164+H177+H190+H203 | I8: =G8+H8 | J8: =D8+G8 | K8: =E8+H8 | L8: =J8+K8 | M8: =IF(C8=0,0,L8/C8*100)
A9: 5 | B9: 4123 | C9: 1979.04 | D9: =D22+D35+D48+D61+D74+D87+D100+D113+D126+D139+D152+D165+D178+D191+D204 | E9: =E22+E35+E48+E61+E74+E87+E100+E113+E126+E139+E152+E165+E178+E191+E204 | F9: =D9+E9 | G9: =G22+G35+G48+G61+G74+G87+G100+G113+G126+G139+G152+G165+G178+G191+G204 | H9: =H22+H35+H48+H61+H74+H87+H100+H113+H126+H139+H152+H165+H178+H191+H204 | I9: =G9+H9 | J9: =D9+G9 | K9: =E9+H9 | L9: =J9+K9 | M9: =IF(C9=0,0,L9/C9*100)
A10: 6 | B10: 3304 | C10: 1585.92 | D10: =D23+D36+D49+D62+D75+D88+D101+D114+D127+D140+D153+D166+D179+D192+D205 | E10: =E23+E36+E49+E62+E75+E88+E101+E114+E127+E140+E153+E166+E179+E192+E205 | F10: =D10+E10 | G10: =G23+G36+G49+G62+G75+G88+G101+G114+G127+G140+G153+G166+G179+G192+G205 | H10: =H23+H36+H49+H62+H75+H88+H101+H114+H127+H140+H153+H166+H179+H192+H205 | I10: =G10+H10 | J10: =D10+G10 | K10: =E10+H10 | L10: =J10+K10 | M10: =IF(C10=0,0,L10/C10*100)
A11: 7 | B11: 2349 | C11: 1127.52 | D11: =D24+D37+D50+D63+D76+D89+D102+D115+D128+D141+D154+D167+D180+D193+D206 | E11: =E24+E37+E50+E63+E76+E89+E102+E115+E128+E141+E154+E167+E180+E193+E206 | F11: =D11+E11 | G11: =G24+G37+G50+G63+G76+G89+G102+G115+G128+G141+G154+G167+G180+G193+G206 | H11: =H24+H37+H50+H63+H76+H89+H102+H115+H128+H141+H154+H167+H180+H193+H206 | I11: =G11+H11 | J11: =D11+G11 | K11: =E11+H11 | L11: =J11+K11 | M11: =IF(C11=0,0,L11/C11*100)
A12: Total | B12: =SUM(B5:B11) | C12: =SUM(C5:C11) | D12: =SUM(D5:D11) | E12: =SUM(E5:E11) | F12: =D12+E12 | G12: =SUM(G5:G11) | H12: =SUM(H5:H11) | I12: =G12+H12 | J12: =D12+G12 | K12: =E12+H12 | L12: =J12+K12 | M12: =IF(C12=0,0,L12/C12*100)
A14: Day 1 - 2026-10-05 (Mon 19 Aswin 2083)
A15: Ward no. | B15: Total population | C15: JE target population | D15: Vaccinated | M15: Progress %
D16: Age 30-60 yrs | G16: Age 60 above | J16: Total | L16: Grand Total
D17: F | E17: M | F17: Total | G17: F | H17: M | I17: Total | J17: F | K17: M
A18: 1 | B18: =B5 | C18: =C5 | F18: =D18+E18 | I18: =G18+H18 | J18: =D18+G18 | K18: =E18+H18 | L18: =J18+K18 | M18: =IF(C18=0,0,L18/C18*100)
A19: 2 | B19: =B6 | C19: =C6 | F19: =D19+E19 | I19: =G19+H19 | J19: =D19+G19 | K19: =E19+H19 | L19: =J19+K19 | M19: =IF(C19=0,0,L19/C19*100)
A20: 3 | B20: =B7 | C20: =C7 | F20: =D20+E20 | I20: =G20+H20 | J20: =D20+G20 | K20: =E20+H20 | L20: =J20+K20 | M20: =IF(C20=0,0,L20/C20*100)
A21: 4 | B21: =B8 | C21: =C8 | F21: =D21+E21 | I21: =G21+H21 | J21: =D21+G21 | K21: =E21+H21 | L21: =J21+K21 | M21: =IF(C21=0,0,L21/C21*100)
A22: 5 | B22: =B9 | C22: =C9 | F22: =D22+E22 | I22: =G22+H22 | J22: =D22+G22 | K22: =E22+H22 | L22: =J22+K22 | M22: =IF(C22=0,0,L22/C22*100)
A23: 6 | B23: =B10 | C23: =C10 | F23: =D23+E23 | I23: =G23+H23 | J23: =D23+G23 | K23: =E23+H23 | L23: =J23+K23 | M23: =IF(C23=0,0,L23/C23*100)
A24: 7 | B24: =B11 | C24: =C11 | F24: =D24+E24 | I24: =G24+H24 | J24: =D24+G24 | K24: =E24+H24 | L24: =J24+K24 | M24: =IF(C24=0,0,L24/C24*100)
A25: Total | B25: =SUM(B18:B24) | C25: =SUM(C18:C24) | D25: =SUM(D18:D24) | E25: =SUM(E18:E24) | F25: =D25+E25 | G25: =SUM(G18:G24) | H25: =SUM(H18:H24) | I25: =G25+H25 | J25: =D25+G25 | K25: =E25+H25 | L25: =J25+K25 | M25: =IF(C25=0,0,L25/C25*100)
A27: Day 2 - 2026-10-06 (Tue 20 Aswin 2083)
A28: Ward no. | B28: Total population | C28: JE target population | D28: Vaccinated | M28: Progress %
D29: Age 30-60 yrs | G29: Age 60 above | J29: Total | L29: Grand Total
D30: F | E30: M | F30: Total | G30: F | H30: M | I30: Total | J30: F | K30: M
A31: 1 | B31: =B5 | C31: =C5 | F31: =D31+E31 | I31: =G31+H31 | J31: =D31+G31 | K31: =E31+H31 | L31: =J31+K31 | M31: =IF(C31=0,0,L31/C31*100)
A32: 2 | B32: =B6 | C32: =C6 | F32: =D32+E32 | I32: =G32+H32 | J32: =D32+G32 | K32: =E32+H32 | L32: =J32+K32 | M32: =IF(C32=0,0,L32/C32*100)
A33: 3 | B33: =B7 | C33: =C7 | F33: =D33+E33 | I33: =G33+H33 | J33: =D33+G33 | K33: =E33+H33 | L33: =J33+K33 | M33: =IF(C33=0,0,L33/C33*100)
A34: 4 | B34: =B8 | C34: =C8 | F34: =D34+E34 | I34: =G34+H34 | J34: =D34+G34 | K34: =E34+H34 | L34: =J34+K34 | M34: =IF(C34=0,0,L34/C34*100)
A35: 5 | B35: =B9 | C35: =C9 | F35: =D35+E35 | I35: =G35+H35 | J35: =D35+G35 | K35: =E35+H35 | L35: =J35+K35 | M35: =IF(C35=0,0,L35/C35*100)
A36: 6 | B36: =B10 | C36: =C10 | F36: =D36+E36 | I36: =G36+H36 | J36: =D36+G36 | K36: =E36+H36 | L36: =J36+K36 | M36: =IF(C36=0,0,L36/C36*100)
A37: 7 | B37: =B11 | C37: =C11 | F37: =D37+E37 | I37: =G37+H37 | J37: =D37+G37 | K37: =E37+H37 | L37: =J37+K37 | M37: =IF(C37=0,0,L37/C37*100)
A38: Total | B38: =SUM(B31:B37) | C38: =SUM(C31:C37) | D38: =SUM(D31:D37) | E38: =SUM(E31:E37) | F38: =D38+E38 | G38: =SUM(G31:G37) | H38: =SUM(H31:H37) | I38: =G38+H38 | J38: =D38+G38 | K38: =E38+H38 | L38: =J38+K38 | M38: =IF(C38=0,0,L38/C38*100)
A40: Day 3 - 2026-10-07 (Wed 21 Aswin 2083)
A41: Ward no. | B41: Total population | C41: JE target population | D41: Vaccinated | M41: Progress %
D42: Age 30-60 yrs | G42: Age 60 above | J42: Total | L42: Grand Total
D43: F | E43: M | F43: Total | G43: F | H43: M | I43: Total | J43: F | K43: M
A44: 1 | B44: =B5 | C44: =C5 | F44: =D44+E44 | I44: =G44+H44 | J44: =D44+G44 | K44: =E44+H44 | L44: =J44+K44 | M44: =IF(C44=0,0,L44/C44*100)
A45: 2 | B45: =B6 | C45: =C6 | F45: =D45+E45 | I45: =G45+H45 | J45: =D45+G45 | K45: =E45+H45 | L45: =J45+K45 | M45: =IF(C45=0,0,L45/C45*100)
A46: 3 | B46: =B7 | C46: =C7 | F46: =D46+E46 | I46: =G46+H46 | J46: =D46+G46 | K46: =E46+H46 | L46: =J46+K46 | M46: =IF(C46=0,0,L46/C46*100)
A47: 4 | B47: =B8 | C47: =C8 | F47: =D47+E47 | I47: =G47+H47 | J47: =D47+G47 | K47: =E47+H47 | L47: =J47+K47 | M47: =IF(C47=0,0,L47/C47*100)
A48: 5 | B48: =B9 | C48: =C9 | F48: =D48+E48 | I48: =G48+H48 | J48: =D48+G48 | K48: =E48+H48 | L48: =J48+K48 | M48: =IF(C48=0,0,L48/C48*100)
A49: 6 | B49: =B10 | C49: =C10 | F49: =D49+E49 | I49: =G49+H49 | J49: =D49+G49 | K49: =E49+H49 | L49: =J49+K49 | M49: =IF(C49=0,0,L49/C49*100)
A50: 7 | B50: =B11 | C50: =C11 | F50: =D50+E50 | I50: =G50+H50 | J50: =D50+G50 | K50: =E50+H50 | L50: =J50+K50 | M50: =IF(C50=0,0,L50/C50*100)
A51: Total | B51: =SUM(B44:B50) | C51: =SUM(C44:C50) | D51: =SUM(D44:D50) | E51: =SUM(E44:E50) | F51: =D51+E51 | G51: =SUM(G44:G50) | H51: =SUM(H44:H50) | I51: =G51+H51 | J51: =D51+G51 | K51: =E51+H51 | L51: =J51+K51 | M51: =IF(C51=0,0,L51/C51*100)
A53: Day 4 - 2026-10-08 (Thu 22 Aswin 2083)
A54: Ward no. | B54: Total population | C54: JE target population | D54: Vaccinated | M54: Progress %
D55: Age 30-60 yrs | G55: Age 60 above | J55: Total | L55: Grand Total
D56: F | E56: M | F56: Total | G56: F | H56: M | I56: Total | J56: F | K56: M
A57: 1 | B57: =B5 | C57: =C5 | F57: =D57+E57 | I57: =G57+H57 | J57: =D57+G57 | K57: =E57+H57 | L57: =J57+K57 | M57: =IF(C57=0,0,L57/C57*100)
A58: 2 | B58: =B6 | C58: =C6 | F58: =D58+E58 | I58: =G58+H58 | J58: =D58+G58 | K58: =E58+H58 | L58: =J58+K58 | M58: =IF(C58=0,0,L58/C58*100)
A59: 3 | B59: =B7 | C59: =C7 | F59: =D59+E59 | I59: =G59+H59 | J59: =D59+G59 | K59: =E59+H59 | L59: =J59+K59 | M59: =IF(C59=0,0,L59/C59*100)
A60: 4 | B60: =B8 | C60: =C8 | F60: =D60+E60 | I60: =G60+H60 | J60: =D60+G60 | K60: =E60+H60 | L60: =J60+K60 | M60: =IF(C60=0,0,L60/C60*100)
A61: 5 | B61: =B9 | C61: =C9 | F61: =D61+E61 | I61: =G61+H61 | J61: =D61+G61 | K61: =E61+H61 | L61: =J61+K61 | M61: =IF(C61=0,0,L61/C61*100)
A62: 6 | B62: =B10 | C62: =C10 | F62: =D62+E62 | I62: =G62+H62 | J62: =D62+G62 | K62: =E62+H62 | L62: =J62+K62 | M62: =IF(C62=0,0,L62/C62*100)
A63: 7 | B63: =B11 | C63: =C11 | F63: =D63+E63 | I63: =G63+H63 | J63: =D63+G63 | K63: =E63+H63 | L63: =J63+K63 | M63: =IF(C63=0,0,L63/C63*100)
A64: Total | B64: =SUM(B57:B63) | C64: =SUM(C57:C63) | D64: =SUM(D57:D63) | E64: =SUM(E57:E63) | F64: =D64+E64 | G64: =SUM(G57:G63) | H64: =SUM(H57:H63) | I64: =G64+H64 | J64: =D64+G64 | K64: =E64+H64 | L64: =J64+K64 | M64: =IF(C64=0,0,L64/C64*100)
A66: Day 5 - 2026-10-09 (Fri 23 Aswin 2083)
A67: Ward no. | B67: Total population | C67: JE target population | D67: Vaccinated | M67: Progress %
D68: Age 30-60 yrs | G68: Age 60 above | J68: Total | L68: Grand Total
D69: F | E69: M | F69: Total | G69: F | H69: M | I69: Total | J69: F | K69: M
A70: 1 | B70: =B5 | C70: =C5 | F70: =D70+E70 | I70: =G70+H70 | J70: =D70+G70 | K70: =E70+H70 | L70: =J70+K70 | M70: =IF(C70=0,0,L70/C70*100)
A71: 2 | B71: =B6 | C71: =C6 | F71: =D71+E71 | I71: =G71+H71 | J71: =D71+G71 | K71: =E71+H71 | L71: =J71+K71 | M71: =IF(C71=0,0,L71/C71*100)
A72: 3 | B72: =B7 | C72: =C7 | F72: =D72+E72 | I72: =G72+H72 | J72: =D72+G72 | K72: =E72+H72 | L72: =J72+K72 | M72: =IF(C72=0,0,L72/C72*100)
A73: 4 | B73: =B8 | C73: =C8 | F73: =D73+E73 | I73: =G73+H73 | J73: =D73+G73 | K73: =E73+H73 | L73: =J73+K73 | M73: =IF(C73=0,0,L73/C73*100)
A74: 5 | B74: =B9 | C74: =C9 | F74: =D74+E74 | I74: =G74+H74 | J74: =D74+G74 | K74: =E74+H74 | L74: =J74+K74 | M74: =IF(C74=0,0,L74/C74*100)
A75: 6 | B75: =B10 | C75: =C10 | F75: =D75+E75 | I75: =G75+H75 | J75: =D75+G75 | K75: =E75+H75 | L75: =J75+K75 | M75: =IF(C75=0,0,L75/C75*100)
A76: 7 | B76: =B11 | C76: =C11 | F76: =D76+E76 | I76: =G76+H76 | J76: =D76+G76 | K76: =E76+H76 | L76: =J76+K76 | M76: =IF(C76=0,0,L76/C76*100)
A77: Total | B77: =SUM(B70:B76) | C77: =SUM(C70:C76) | D77: =SUM(D70:D76) | E77: =SUM(E70:E76) | F77: =D77+E77 | G77: =SUM(G70:G76) | H77: =SUM(H70:H76) | I77: =G77+H77 | J77: =D77+G77 | K77: =E77+H77 | L77: =J77+K77 | M77: =IF(C77=0,0,L77/C77*100)
A79: Day 6 - 2026-10-10 (Sat 24 Aswin 2083)
A80: Ward no. | B80: Total population | C80: JE target population | D80: Vaccinated | M80: Progress %
D81: Age 30-60 yrs | G81: Age 60 above | J81: Total | L81: Grand Total
D82: F | E82: M | F82: Total | G82: F | H82: M | I82: Total | J82: F | K82: M
A83: 1 | B83: =B5 | C83: =C5 | F83: =D83+E83 | I83: =G83+H83 | J83: =D83+G83 | K83: =E83+H83 | L83: =J83+K83 | M83: =IF(C83=0,0,L83/C83*100)
A84: 2 | B84: =B6 | C84: =C6 | F84: =D84+E84 | I84: =G84+H84 | J84: =D84+G84 | K84: =E84+H84 | L84: =J84+K84 | M84: =IF(C84=0,0,L84/C84*100)
A85: 3 | B85: =B7 | C85: =C7 | F85: =D85+E85 | I85: =G85+H85 | J85: =D85+G85 | K85: =E85+H85 | L85: =J85+K85 | M85: =IF(C85=0,0,L85/C85*100)
A86: 4 | B86: =B8 | C86: =C8 | F86: =D86+E86 | I86: =G86+H86 | J86: =D86+G86 | K86: =E86+H86 | L86: =J86+K86 | M86: =IF(C86=0,0,L86/C86*100)
A87: 5 | B87: =B9 | C87: =C9 | F87: =D87+E87 | I87: =G87+H87 | J87: =D87+G87 | K87: =E87+H87 | L87: =J87+K87 | M87: =IF(C87=0,0,L87/C87*100)
A88: 6 | B88: =B10 | C88: =C10 | F88: =D88+E88 | I88: =G88+H88 | J88: =D88+G88 | K88: =E88+H88 | L88: =J88+K88 | M88: =IF(C88=0,0,L88/C88*100)
A89: 7 | B89: =B11 | C89: =C11 | F89: =D89+E89 | I89: =G89+H89 | J89: =D89+G89 | K89: =E89+H89 | L89: =J89+K89 | M89: =IF(C89=0,0,L89/C89*100)
A90: Total | B90: =SUM(B83:B89) | C90: =SUM(C83:C89) | D90: =SUM(D83:D89) | E90: =SUM(E83:E89) | F90: =D90+E90 | G90: =SUM(G83:G89) | H90: =SUM(H83:H89) | I90: =G90+H90 | J90: =D90+G90 | K90: =E90+H90 | L90: =J90+K90 | M90: =IF(C90=0,0,L90/C90*100)
A92: Day 7 - 2026-10-11 (Sun 25 Aswin 2083)
A93: Ward no. | B93: Total population | C93: JE target population | D93: Vaccinated | M93: Progress %
D94: Age 30-60 yrs | G94: Age 60 above | J94: Total | L94: Grand Total
D95: F | E95: M | F95: Total | G95: F | H95: M | I95: Total | J95: F | K95: M
A96: 1 | B96: =B5 | C96: =C5 | F96: =D96+E96 | I96: =G96+H96 | J96: =D96+G96 | K96: =E96+H96 | L96: =J96+K96 | M96: =IF(C96=0,0,L96/C96*100)
A97: 2 | B97: =B6 | C97: =C6 | F97: =D97+E97 | I97: =G97+H97 | J97: =D97+G97 | K97: =E97+H97 | L97: =J97+K97 | M97: =IF(C97=0,0,L97/C97*100)
A98: 3 | B98: =B7 | C98: =C7 | F98: =D98+E98 | I98: =G98+H98 | J98: =D98+G98 | K98: =E98+H98 | L98: =J98+K98 | M98: =IF(C98=0,0,L98/C98*100)
A99: 4 | B99: =B8 | C99: =C8 | F99: =D99+E99 | I99: =G99+H99 | J99: =D99+G99 | K99: =E99+H99 | L99: =J99+K99 | M99: =IF(C99=0,0,L99/C99*100)
A100: 5 | B100: =B9 | C100: =C9 | F100: =D100+E100 | I100: =G100+H100 | J100: =D100+G100 | K100: =E100+H100 | L100: =J100+K100 | M100: =IF(C100=0,0,L100/C100*100)
A101: 6 | B101: =B10 | C101: =C10 | F101: =D101+E101 | I101: =G101+H101 | J101: =D101+G101 | K101: =E101+H101 | L101: =J101+K101 | M101: =IF(C101=0,0,L101/C101*100)
A102: 7 | B102: =B11 | C102: =C11 | F102: =D102+E102 | I102: =G102+H102 | J102: =D102+G102 | K102: =E102+H102 | L102: =J102+K102 | M102: =IF(C102=0,0,L102/C102*100)
A103: Total | B103: =SUM(B96:B102) | C103: =SUM(C96:C102) | D103: =SUM(D96:D102) | E103: =SUM(E96:E102) | F103: =D103+E103 | G103: =SUM(G96:G102) | H103: =SUM(H96:H102) | I103: =G103+H103 | J103: =D103+G103 | K103: =E103+H103 | L103: =J103+K103 | M103: =IF(C103=0,0,L103/C103*100)
A105: Day 8 - 2026-10-12 (Mon 26 Aswin 2083)
A106: Ward no. | B106: Total population | C106: JE target population | D106: Vaccinated | M106: Progress %
D107: Age 30-60 yrs | G107: Age 60 above | J107: Total | L107: Grand Total
D108: F | E108: M | F108: Total | G108: F | H108: M | I108: Total | J108: F | K108: M
...

Sheet Arjundhara Municipality
A1: Arjundhara Municipality - Campaign Total (5-19 Oct 2026)
A2: Ward no. | B2: Total population | C2: JE target population | D2: Vaccinated | M2: Progress %
D3: Age 30-60 yrs | G3: Age 60 above | J3: Total | L3: Grand Total
D4: F | E4: M | F4: Total | G4: F | H4: M | I4: Total | J4: F | K4: M
A5: 1 | B5: 6994 | C5: 3357.12 | D5: =D22+D39+D56+D73+D90+D107+D124+D141+D158+D175+D192+D209+D226+D243+D260 | E5: =E22+E39+E56+E73+E90+E107+E124+E141+E158+E175+E192+E209+E226+E243+E260 | F5: =D5+E5 | G5: =G22+G39+G56+G73+G90+G107+G124+G141+G158+G175+G192+G209+G226+G243+G260 | H5: =H22+H39+H56+H73+H90+H107+H124+H141+H158+H175+H192+H209+H226+H243+H260 | I5: =G5+H5 | J5: =D5+G5 | K5: =E5+H5 | L5: =J5+K5 | M5: =IF(C5=0,0,L5/C5*100)
A6: 2 | B6: 5836 | C6: 2801.28 | D6: =D23+D40+D57+D74+D91+D108+D125+D142+D159+D176+D193+D210+D227+D244+D261 | E6: =E23+E40+E57+E74+E91+E108+E125+E142+E159+E176+E193+E210+E227+E244+E261 | F6: =D6+E6 | G6: =G23+G40+G57+G74+G91+G108+G125+G142+G159+G176+G193+G210+G227+G244+G261 | H6: =H23+H40+H57+H74+H91+H108+H125+H142+H159+H176+H193+H210+H227+H244+H261 | I6: =G6+H6 | J6: =D6+G6 | K6: =E6+H6 | L6: =J6+K6 | M6: =IF(C6=0,0,L6/C6*100)
A7: 3 | B7: 7049 | C7: 3383.52 | D7: =D24+D41+D58+D75+D92+D109+D126+D143+D160+D177+D194+D211+D228+D245+D262 | E7: =E24+E41+E58+E75+E92+E109+E126+E143+E160+E177+E194+E211+E228+E245+E262 | F7: =D7+E7 | G7: =G24+G41+G58+G75+G92+G109+G126+G143+G160+G177+G194+G211+G228+G245+G262 | H7: =H24+H41+H58+H75+H92+H109+H126+H143+H160+H177+H194+H211+H228+H245+H262 | I7: =G7+H7 | J7: =D7+G7 | K7: =E7+H7 | L7: =J7+K7 | M7: =IF(C7=0,0,L7/C7*100)
A8: 4 | B8: 6745 | C8: 3237.6 | D8: =D25+D42+D59+D76+D93+D110+D127+D144+D161+D178+D195+D212+D229+D246+D263 | E8: =E25+E42+E59+E76+E93+E110+E127+E144+E161+E178+E195+E212+E229+E246+E263 | F8: =D8+E8 | G8: =G25+G42+G59+G76+G93+G110+G127+G144+G161+G178+G195+G212+G229+G246+G263 | H8: =H25+H42+H59+H76+H93+H110+H127+H144+H161+H178+H195+H212+H229+H246+H263 | I8: =G8+H8 | J8: =D8+G8 | K8: =E8+H8 | L8: =J8+K8 | M8: =IF(C8=0,0,L8/C8*100)
A9: 5 | B9: 10360 | C9: 4972.8 | D9: =D26+D43+D60+D77+D94+D111+D128+D145+D162+D179+D196+D213+D230+D247+D264 | E9: =E26+E43+E60+E77+E94+E111+E128+E145+E162+E179+E196+E213+E230+E247+E264 | F9: =D9+E9 | G9: =G26+G43+G60+G77+G94+G111+G128+G145+G162+G179+G196+G213+G230+G247+G264 | H9: =H26+H43+H60+H77+H94+H111+H128+H145+H162+H179+H196+H213+H230+H247+H264 | I9: =G9+H9 | J9: =D9+G9 | K9: =E9+H9 | L9: =J9+K9 | M9: =IF(C9=0,0,L9/C9*100)
A10: 6 | B10: 12099 | C10: 5807.52 | D10: =D27+D44+D61+D78+D95+D112+D129+D146+D163+D180+D197+D214+D231+D248+D265 | E10: =E27+E44+E61+E78+E95+E112+E129+E146+E163+E180+E197+E214+E231+E248+E265 | F10: =D10+E10 | G10: =G27+G44+G61+G78+G95+G112+G129+G146+G163+G180+G197+G214+G231+G248+G265 | H10: =H27+H44+H61+H78+H95+H112+H129+H146+H163+H180+H197+H214+H231+H248+H265 | I10: =G10+H10 | J10: =D10+G10 | K10: =E10+H10 | L10: =J10+K10 | M10: =IF(C10=0,0,L10/C10*100)
A11: 7 | B11: 4939 | C11: 2370.72 | D11: =D28+D45+D62+D79+D96+D113+D130+D147+D164+D181+D198+D215+D232+D249+D266 | E11: =E28+E45+E62+E79+E96+E113+E130+E147+E164+E181+E198+E215+E232+E249+E266 | F11: =D11+E11 | G11: =G28+G45+G62+G79+G96+G113+G130+G147+G164+G181+G198+G215+G232+G249+G266 | H11: =H28+H45+H62+H79+H96+H113+H130+H147+H164+H181+H198+H215+H232+H249+H266 | I11: =G11+H11 | J11: =D11+G11 | K11: =E11+H11 | L11: =J11+K11 | M11: =IF(C11=0,0,L11/C11*100)
A12: 8 | B12: 6905 | C12: 3314.4 | D12: =D29+D46+D63+D80+D97+D114+D131+D148+D165+D182+D199+D216+D233+D250+D267 | E12: =E29+E46+E63+E80+E97+E114+E131+E148+E165+E182+E199+E216+E233+E250+E267 | F12: =D12+E12 | G12: =G29+G46+G63+G80+G97+G114+G131+G148+G165+G182+G199+G216+G233+G250+G267 | H12: =H29+H46+H63+H80+H97+H114+H131+H148+H165+H182+H199+H216+H233+H250+H267 | I12: =G12+H12 | J12: =D12+G12 | K12: =E12+H12 | L12: =J12+K12 | M12: =IF(C12=0,0,L12/C12*100)
A13: 9 | B13: 8301 | C13: 3984.48 | D13: =D30+D47+D64+D81+D98+D115+D132+D149+D166+D183+D200+D217+D234+D251+D268 | E13: =E30+E47+E64+E81+E98+E115+E132+E149+E166+E183+E200+E217+E234+E251+E268 | F13: =D13+E13 | G13: =G30+G47+G64+G81+G98+G115+G132+G149+G166+G183+G200+G217+G234+G251+G268 | H13: =H30+H47+H64+H81+H98+H115+H132+H149+H166+H183+H200+H217+H234+H251+H268 | I13: =G13+H13 | J13: =D13+G13 | K13: =E13+H13 | L13: =J13+K13 | M13: =IF(C13=0,0,L13/C13*100)
A14: 10 | B14: 7266 | C14: 3487.68 | D14: =D31+D48+D65+D82+D99+D116+D133+D150+D167+D184+D201+D218+D235+D252+D269 | E14: =E31+E48+E65+E82+E99+E116+E133+E150+E167+E184+E201+E218+E235+E252+E269 | F14: =D14+E14 | G14: =G31+G48+G65+G82+G99+G116+G133+G150+G167+G184+G201+G218+G235+G252+G269 | H14: =H31+H48+H65+H82+H99+H116+H133+H150+H167+H184+H201+H218+H235+H252+H269 | I14: =G14+H14 | J14: =D14+G14 | K14: =E14+H14 | L14: =J14+K14 | M14: =IF(C14=0,0,L14/C14*100)
A15: 11 | B15: 12394 | C15: 5949.12 | D15: =D32+D49+D66+D83+D100+D117+D134+D151+D168+D185+D202+D219+D236+D253+D270 | E15: =E32+E49+E66+E83+E100+E117+E134+E151+E168+E185+E202+E219+E236+E253+E270 | F15: =D15+E15 | G15: =G32+G49+G66+G83+G100+G117+G134+G151+G168+G185+G202+G219+G236+G253+G270 | H15: =H32+H49+H66+H83+H100+H117+H134+H151+H168+H185+H202+H219+H236+H253+H270 | I15: =G15+H15 | J15: =D15+G15 | K15: =E15+H15 | L15: =J15+K15 | M15: =IF(C15=0,0,L15/C15*100)
A16: Total | B16: =SUM(B5:B15) | C16: =SUM(C5:C15) | D16: =SUM(D5:D15) | E16: =SUM(E5:E15) | F16: =D16+E16 | G16: =SUM(G5:G15) | H16: =SUM(H5:H15) | I16: =G16+H16 | J16: =D16+G16 | K16: =E16+H16 | L16: =J16+K16 | M16: =IF(C16=0,0,L16/C16*100)
A18: Day 1 - 2026-10-05 (Mon 19 Aswin 2083)
A19: Ward no. | B19: Total population | C19: JE target population | D19: Vaccinated | M19: Progress %
D20: Age 30-60 yrs | G20: Age 60 above | J20: Total | L20: Grand Total
D21: F | E21: M | F21: Total | G21: F | H21: M | I21: Total | J21: F | K21: M
A22: 1 | B22: =B5 | C22: =C5 | F22: =D22+E22 | I22: =G22+H22 | J22: =D22+G22 | K22: =E22+H22 | L22: =J22+K22 | M22: =IF(C22=0,0,L22/C22*100)
A23: 2 | B23: =B6 | C23: =C6 | F23: =D23+E23 | I23: =G23+H23 | J23: =D23+G23 | K23: =E23+H23 | L23: =J23+K23 | M23: =IF(C23=0,0,L23/C23*100)
A24: 3 | B24: =B7 | C24: =C7 | F24: =D24+E24 | I24: =G24+H24 | J24: =D24+G24 | K24: =E24+H24 | L24: =J24+K24 | M24: =IF(C24=0,0,L24/C24*100)
A25: 4 | B25: =B8 | C25: =C8 | F25: =D25+E25 | I25: =G25+H25 | J25: =D25+G25 | K25: =E25+H25 | L25: =J25+K25 | M25: =IF(C25=0,0,L25/C25*100)
A26: 5 | B26: =B9 | C26: =C9 | F26: =D26+E26 | I26: =G26+H26 | J26: =D26+G26 | K26: =E26+H26 | L26: =J26+K26 | M26: =IF(C26=0,0,L26/C26*100)
A27: 6 | B27: =B10 | C27: =C10 | F27: =D27+E27 | I27: =G27+H27 | J27: =D27+G27 | K27: =E27+H27 | L27: =J27+K27 | M27: =IF(C27=0,0,L27/C27*100)
A28: 7 | B28: =B11 | C28: =C11 | F28: =D28+E28 | I28: =G28+H28 | J28: =D28+G28 | K28: =E28+H28 | L28: =J28+K28 | M28: =IF(C28=0,0,L28/C28*100)
A29: 8 | B29: =B12 | C29: =C12 | F29: =D29+E29 | I29: =G29+H29 | J29: =D29+G29 | K29: =E29+H29 | L29: =J29+K29 | M29: =IF(C29=0,0,L29/C29*100)
A30: 9 | B30: =B13 | C30: =C13 | F30: =D30+E30 | I30: =G30+H30 | J30: =D30+G30 | K30: =E30+H30 | L30: =J30+K30 | M30: =IF(C30=0,0,L30/C30*100)
A31: 10 | B31: =B14 | C31: =C14 | F31: =D31+E31 | I31: =G31+H31 | J31: =D31+G31 | K31: =E31+H31 | L31: =J31+K31 | M31: =IF(C31=0,0,L31/C31*100)
A32: 11 | B32: =B15 | C32: =C15 | F32: =D32+E32 | I32: =G32+H32 | J32: =D32+G32 | K32: =E32+H32 | L32: =J32+K32 | M32: =IF(C32=0,0,L32/C32*100)
A33: Total | B33: =SUM(B22:B32) | C33: =SUM(C22:C32) | D33: =SUM(D22:D32) | E33: =SUM(E22:E32) | F33: =D33+E33 | G33: =SUM(G22:G32) | H33: =SUM(H22:H32) | I33: =G33+H33 | J33: =D33+G33 | K33: =E33+H33 | L33: =J33+K33 | M33: =IF(C33=0,0,L33/C33*100)
A35: Day 2 - 2026-10-06 (Tue 20 Aswin 2083)
A36: Ward no. | B36: Total population | C36: JE target population | D36: Vaccinated | M36: Progress %
D37: Age 30-60 yrs | G37: Age 60 above | J37: Total | L37: Grand Total
D38: F | E38: M | F38: Total | G38: F | H38: M | I38: Total | J38: F | K38: M
A39: 1 | B39: =B5 | C39: =C5 | F39: =D39+E39 | I39: =G39+H39 | J39: =D39+G39 | K39: =E39+H39 | L39: =J39+K39 | M39: =IF(C39=0,0,L39/C39*100)
A40: 2 | B40: =B6 | C40: =C6 | F40: =D40+E40 | I40: =G40+H40 | J40: =D40+G40 | K40: =E40+H40 | L40: =J40+K40 | M40: =IF(C40=0,0,L40/C40*100)
A41: 3 | B41: =B7 | C41: =C7 | F41: =D41+E41 | I41: =G41+H41 | J41: =D41+G41 | K41: =E41+H41 | L41: =J41+K41 | M41: =IF(C41=0,0,L41/C41*100)
A42: 4 | B42: =B8 | C42: =C8 | F42: =D42+E42 | I42: =G42+H42 | J42: =D42+G42 | K42: =E42+H42 | L42: =J42+K42 | M42: =IF(C42=0,0,L42/C42*100)
A43: 5 | B43: =B9 | C43: =C9 | F43: =D43+E43 | I43: =G43+H43 | J43: =D43+G43 | K43: =E43+H43 | L43: =J43+K43 | M43: =IF(C43=0,0,L43/C43*100)
A44: 6 | B44: =B10 | C44: =C10 | F44: =D44+E44 | I44: =G44+H44 | J44: =D44+G44 | K44: =E44+H44 | L44: =J44+K44 | M44: =IF(C44=0,0,L44/C44*100)
A45: 7 | B45: =B11 | C45: =C11 | F45: =D45+E45 | I45: =G45+H45 | J45: =D45+G45 | K45: =E45+H45 | L45: =J45+K45 | M45: =IF(C45=0,0,L45/C45*100)
A46: 8 | B46: =B12 | C46: =C12 | F46: =D46+E46 | I46: =G46+H46 | J46: =D46+G46 | K46: =E46+H46 | L46: =J46+K46 | M46: =IF(C46=0,0,L46/C46*100)
A47: 9 | B47: =B13 | C47: =C13 | F47: =D47+E47 | I47: =G47+H47 | J47: =D47+G47 | K47: =E47+H47 | L47: =J47+K47 | M47: =IF(C47=0,0,L47/C47*100)
A48: 10 | B48: =B14 | C48: =C14 | F48: =D48+E48 | I48: =G48+H48 | J48: =D48+G48 | K48: =E48+H48 | L48: =J48+K48 | M48: =IF(C48=0,0,L48/C48*100)
A49: 11 | B49: =B15 | C49: =C15 | F49: =D49+E49 | I49: =G49+H49 | J49: =D49+G49 | K49: =E49+H49 | L49: =J49+K49 | M49: =IF(C49=0,0,L49/C49*100)
A50: Total | B50: =SUM(B39:B49) | C50: =SUM(C39:C49) | D50: =SUM(D39:D49) | E50: =SUM(E39:E49) | F50: =D50+E50 | G50: =SUM(G39:G49) | H50: =SUM(H39:H49) | I50: =G50+H50 | J50: =D50+G50 | K50: =E50+H50 | L50: =J50+K50 | M50: =IF(C50=0,0,L50/C50*100)
A52: Day 3 - 2026-10-07 (Wed 21 Aswin 2083)
A53: Ward no. | B53: Total population | C53: JE target population | D53: Vaccinated | M53: Progress %
D54: Age 30-60 yrs | G54: Age 60 above | J54: Total | L54: Grand Total
D55: F | E55: M | F55: Total | G55: F | H55: M | I55: Total | J55: F | K55: M
A56: 1 | B56: =B5 | C56: =C5 | F56: =D56+E56 | I56: =G56+H56 | J56: =D56+G56 | K56: =E56+H56 | L56: =J56+K56 | M56: =IF(C56=0,0,L56/C56*100)
A57: 2 | B57: =B6 | C57: =C6 | F57: =D57+E57 | I57: =G57+H57 | J57: =D57+G57 | K57: =E57+H57 | L57: =J57+K57 | M57: =IF(C57=0,0,L57/C57*100)
A58: 3 | B58: =B7 | C58: =C7 | F58: =D58+E58 | I58: =G58+H58 | J58: =D58+G58 | K58: =E58+H58 | L58: =J58+K58 | M58: =IF(C58=0,0,L58/C58*100)
A59: 4 | B59: =B8 | C59: =C8 | F59: =D59+E59 | I59: =G59+H59 | J59: =D59+G59 | K59: =E59+H59 | L59: =J59+K59 | M59: =IF(C59=0,0,L59/C59*100)
A60: 5 | B60: =B9 | C60: =C9 | F60: =D60+E60 | I60: =G60+H60 | J60: =D60+G60 | K60: =E60+H60 | L60: =J60+K60 | M60: =IF(C60=0,0,L60/C60*100)
A61: 6 | B61: =B10 | C61: =C10 | F61: =D61+E61 | I61: =G61+H61 | J61: =D61+G61 | K61: =E61+H61 | L61: =J61+K61 | M61: =IF(C61=0,0,L61/C61*100)
A62: 7 | B62: =B11 | C62: =C11 | F62: =D62+E62 | I62: =G62+H62 | J62: =D62+G62 | K62: =E62+H62 | L62: =J62+K62 | M62: =IF(C62=0,0,L62/C62*100)
A63: 8 | B63: =B12 | C63: =C12 | F63: =D63+E63 | I63: =G63+H63 | J63: =D63+G63 | K63: =E63+H63 | L63: =J63+K63 | M63: =IF(C63=0,0,L63/C63*100)
A64: 9 | B64: =B13 | C64: =C13 | F64: =D64+E64 | I64: =G64+H64 | J64: =D64+G64 | K64: =E64+H64 | L64: =J64+K64 | M64: =IF(C64=0,0,L64/C64*100)
A65: 10 | B65: =B14 | C65: =C14 | F65: =D65+E65 | I65: =G65+H65 | J65: =D65+G65 | K65: =E65+H65 | L65: =J65+K65 | M65: =IF(C65=0,0,L65/C65*100)
A66: 11 | B66: =B15 | C66: =C15 | F66: =D66+E66 | I66: =G66+H66 | J66: =D66+G66 | K66: =E66+H66 | L66: =J66+K66 | M66: =IF(C66=0,0,L66/C66*100)
A67: Total | B67: =SUM(B56:B66) | C67: =SUM(C56:C66) | D67: =SUM(D56:D66) | E67: =SUM(E56:E66) | F67: =D67+E67 | G67: =SUM(G56:G66) | H67: =SUM(H56:H66) | I67: =G67+H67 | J67: =D67+G67 | K67: =E67+H67 | L67: =J67+K67 | M67: =IF(C67=0,0,L67/C67*100)
A69: Day 4 - 2026-10-08 (Thu 22 Aswin 2083)
A70: Ward no. | B70: Total population | C70: JE target population | D70: Vaccinated | M70: Progress %
D71: Age 30-60 yrs | G71: Age 60 above | J71: Total | L71: Grand Total
D72: F | E72: M | F72: Total | G72: F | H72: M | I72: Total | J72: F | K72: M
A73: 1 | B73: =B5 | C73: =C5 | F73: =D73+E73 | I73: =G73+H73 | J73: =D73+G73 | K73: =E73+H73 | L73: =J73+K73 | M73: =IF(C73=0,0,L73/C73*100)
A74: 2 | B74: =B6 | C74: =C6 | F74: =D74+E74 | I74: =G74+H74 | J74: =D74+G74 | K74: =E74+H74 | L74: =J74+K74 | M74: =IF(C74=0,0,L74/C74*100)
A75: 3 | B75: =B7 | C75: =C7 | F75: =D75+E75 | I75: =G75+H75 | J75: =D75+G75 | K75: =E75+H75 | L75: =J75+K75 | M75: =IF(C75=0,0,L75/C75*100)
A76: 4 | B76: =B8 | C76: =C8 | F76: =D76+E76 | I76: =G76+H76 | J76: =D76+G76 | K76: =E76+H76 | L76: =J76+K76 | M76: =IF(C76=0,0,L76/C76*100)
A77: 5 | B77: =B9 | C77: =C9 | F77: =D77+E77 | I77: =G77+H77 | J77: =D77+G77 | K77: =E77+H77 | L77: =J77+K77 | M77: =IF(C77=0,0,L77/C77*100)
A78: 6 | B78: =B10 | C78: =C10 | F78: =D78+E78 | I78: =G78+H78 | J78: =D78+G78 | K78: =E78+H78 | L78: =J78+K78 | M78: =IF(C78=0,0,L78/C78*100)
A79: 7 | B79: =B11 | C79: =C11 | F79: =D79+E79 | I79: =G79+H79 | J79: =D79+G79 | K79: =E79+H79 | L79: =J79+K79 | M79: =IF(C79=0,0,L79/C79*100)
A80: 8 | B80: =B12 | C80: =C12 | F80: =D80+E80 | I80: =G80+H80 | J80: =D80+G80 | K80: =E80+H80 | L80: =J80+K80 | M80: =IF(C80=0,0,L80/C80*100)
A81: 9 | B81: =B13 | C81: =C13 | F81: =D81+E81 | I81: =G81+H81 | J81: =D81+G81 | K81: =E81+H81 | L81: =J81+K81 | M81: =IF(C81=0,0,L81/C81*100)
A82: 10 | B82: =B14 | C82: =C14 | F82: =D82+E82 | I82: =G82+H82 | J82: =D82+G82 | K82: =E82+H82 | L82: =J82+K82 | M82: =IF(C82=0,0,L82/C82*100)
A83: 11 | B83: =B15 | C83: =C15 | F83: =D83+E83 | I83: =G83+H83 | J83: =D83+G83 | K83: =E83+H83 | L83: =J83+K83 | M83: =IF(C83=0,0,L83/C83*100)
A84: Total | B84: =SUM(B73:B83) | C84: =SUM(C73:C83) | D84: =SUM(D73:D83) | E84: =SUM(E73:E83) | F84: =D84+E84 | G84: =SUM(G73:G83) | H84: =SUM(H73:H83) | I84: =G84+H84 | J84: =D84+G84 | K84: =E84+H84 | L84: =J84+K84 | M84: =IF(C84=0,0,L84/C84*100)
A86: Day 5 - 2026-10-09 (Fri 23 Aswin 2083)
A87: Ward no. | B87: Total population | C87: JE target population | D87: Vaccinated | M87: Progress %
D88: Age 30-60 yrs | G88: Age 60 above | J88: Total | L88: Grand Total
D89: F | E89: M | F89: Total | G89: F | H89: M | I89: Total | J89: F | K89: M
A90: 1 | B90: =B5 | C90: =C5 | F90: =D90+E90 | I90: =G90+H90 | J90: =D90+G90 | K90: =E90+H90 | L90: =J90+K90 | M90: =IF(C90=0,0,L90/C90*100)
A91: 2 | B91: =B6 | C91: =C6 | F91: =D91+E91 | I91: =G91+H91 | J91: =D91+G91 | K91: =E91+H91 | L91: =J91+K91 | M91: =IF(C91=0,0,L91/C91*100)
A92: 3 | B92: =B7 | C92: =C7 | F92: =D92+E92 | I92: =G92+H92 | J92: =D92+G92 | K92: =E92+H92 | L92: =J92+K92 | M92: =IF(C92=0,0,L92/C92*100)
A93: 4 | B93: =B8 | C93: =C8 | F93: =D93+E93 | I93: =G93+H93 | J93: =D93+G93 | K93: =E93+H93 | L93: =J93+K93 | M93: =IF(C93=0,0,L93/C93*100)
A94: 5 | B94: =B9 | C94: =C9 | F94: =D94+E94 | I94: =G94+H94 | J94: =D94+G94 | K94: =E94+H94 | L94: =J94+K94 | M94: =IF(C94=0,0,L94/C94*100)
A95: 6 | B95: =B10 | C95: =C10 | F95: =D95+E95 | I95: =G95+H95 | J95: =D95+G95 | K95: =E95+H95 | L95: =J95+K95 | M95: =IF(C95=0,0,L95/C95*100)
A96: 7 | B96: =B11 | C96: =C11 | F96: =D96+E96 | I96: =G96+H96 | J96: =D96+G96 | K96: =E96+H96 | L96: =J96+K96 | M96: =IF(C96=0,0,L96/C96*100)
A97: 8 | B97: =B12 | C97: =C12 | F97: =D97+E97 | I97: =G97+H97 | J97: =D97+G97 | K97: =E97+H97 | L97: =J97+K97 | M97: =IF(C97=0,0,L97/C97*100)
A98: 9 | B98: =B13 | C98: =C13 | F98: =D98+E98 | I98: =G98+H98 | J98: =D98+G98 | K98: =E98+H98 | L98: =J98+K98 | M98: =IF(C98=0,0,L98/C98*100)
A99: 10 | B99: =B14 | C99: =C14 | F99: =D99+E99 | I99: =G99+H99 | J99: =D99+G99 | K99: =E99+H99 | L99: =J99+K99 | M99: =IF(C99=0,0,L99/C99*100)
A100: 11 | B100: =B15 | C100: =C15 | F100: =D100+E100 | I100: =G100+H100 | J100: =D100+G100 | K100: =E100+H100 | L100: =J100+K100 | M100: =IF(C100=0,0,L100/C100*100)
A101: Total | B101: =SUM(B90:B100) | C101: =SUM(C90:C100) | D101: =SUM(D90:D100) | E101: =SUM(E90:E100) | F101: =D101+E101 | G101: =SUM(G90:G100) | H101: =SUM(H90:H100) | I101: =G101+H101 | J101: =D101+G101 | K101: =E101+H101 | L101: =J101+K101 | M101: =IF(C101=0,0,L101/C101*100)
A103: Day 6 - 2026-10-10 (Sat 24 Aswin 2083)
A104: Ward no. | B104: Total population | C104: JE target population | D104: Vaccinated | M104: Progress %
D105: Age 30-60 yrs | G105: Age 60 above | J105: Total | L105: Grand Total
D106: F | E106: M | F106: Total | G106: F | H106: M | I106: Total | J106: F | K106: M
...

Sheet Kankai Municipality
A1: Kankai Municipality - Campaign Total (5-19 Oct 2026)
A2: Ward no. | B2: Total population | C2: JE target population | D2: Vaccinated | M2: Progress %
D3: Age 30-60 yrs | G3: Age 60 above | J3: Total | L3: Grand Total
D4: F | E4: M | F4: Total | G4: F | H4: M | I4: Total | J4: F | K4: M
A5: 1 | B5: 5097 | C5: 2446.56 | D5: =D20+D35+D50+D65+D80+D95+D110+D125+D140+D155+D170+D185+D200+D215+D230 | E5: =E20+E35+E50+E65+E80+E95+E110+E125+E140+E155+E170+E185+E200+E215+E230 | F5: =D5+E5 | G5: =G20+G35+G50+G65+G80+G95+G110+G125+G140+G155+G170+G185+G200+G215+G230 | H5: =H20+H35+H50+H65+H80+H95+H110+H125+H140+H155+H170+H185+H200+H215+H230 | I5: =G5+H5 | J5: =D5+G5 | K5: =E5+H5 | L5: =J5+K5 | M5: =IF(C5=0,0,L5/C5*100)
A6: 2 | B6: 5126 | C6: 2460.48 | D6: =D21+D36+D51+D66+D81+D96+D111+D126+D141+D156+D171+D186+D201+D216+D231 | E6: =E21+E36+E51+E66+E81+E96+E111+E126+E141+E156+E171+E186+E201+E216+E231 | F6: =D6+E6 | G6: =G21+G36+G51+G66+G81+G96+G111+G126+G141+G156+G171+G186+G201+G216+G231 | H6: =H21+H36+H51+H66+H81+H96+H111+H126+H141+H156+H171+H186+H201+H216+H231 | I6: =G6+H6 | J6: =D6+G6 | K6: =E6+H6 | L6: =J6+K6 | M6: =IF(C6=0,0,L6/C6*100)
A7: 3 | B7: 13610 | C7: 6532.8 | D7: =D22+D37+D52+D67+D82+D97+D112+D127+D142+D157+D172+D187+D202+D217+D232 | E7: =E22+E37+E52+E67+E82+E97+E112+E127+E142+E157+E172+E187+E202+E217+E232 | F7: =D7+E7 | G7: =G22+G37+G52+G67+G82+G97+G112+G127+G142+G157+G172+G187+G202+G217+G232 | H7: =H22+H37+H52+H67+H82+H97+H112+H127+H142+H157+H172+H187+H202+H217+H232 | I7: =G7+H7 | J7: =D7+G7 | K7: =E7+H7 | L7: =J7+K7 | M7: =IF(C7=0,0,L7/C7*100)
A8: 4 | B8: 7634 | C8: 3664.32 | D8: =D23+D38+D53+D68+D83+D98+D113+D128+D143+D158+D173+D188+D203+D218+D233 | E8: =E23+E38+E53+E68+E83+E98+E113+E128+E143+E158+E173+E188+E203+E218+E233 | F8: =D8+E8 | G8: =G23+G38+G53+G68+G83+G98+G113+G128+G143+G158+G173+G188+G203+G218+G233 | H8: =H23+H38+H53+H68+H83+H98+H113+H128+H143+H158+H173+H188+H203+H218+H233 | I8: =G8+H8 | J8: =D8+G8 | K8: =E8+H8 | L8: =J8+K8 | M8: =IF(C8=0,0,L8/C8*100)
A9: 5 | B9: 6548 | C9: 3143.04 | D9: =D24+D39+D54+D69+D84+D99+D114+D129+D144+D159+D174+D189+D204+D219+D234 | E9: =E24+E39+E54+E69+E84+E99+E114+E129+E144+E159+E174+E189+E204+E219+E234 | F9: =D9+E9 | G9: =G24+G39+G54+G69+G84+G99+G114+G129+G144+G159+G174+G189+G204+G219+G234 | H9: =H24+H39+H54+H69+H84+H99+H114+H129+H144+H159+H174+H189+H204+H219+H234 | I9: =G9+H9 | J9: =D9+G9 | K9: =E9+H9 | L9: =J9+K9 | M9: =IF(C9=0,0,L9/C9*100)
A10: 6 | B10: 2725 | C10: 1308 | D10: =D25+D40+D55+D70+D85+D100+D115+D130+D145+D160+D175+D190+D205+D220+D235 | E10: =E25+E40+E55+E70+E85+E100+E115+E130+E145+E160+E175+E190+E205+E220+E235 | F10: =D10+E10 | G10: =G25+G40+G55+G70+G85+G100+G115+G130+G145+G160+G175+G190+G205+G220+G235 | H10: =H25+H40+H55+H70+H85+H100+H115+H130+H145+H160+H175+H190+H205+H220+H235 | I10: =G10+H10 | J10: =D10+G10 | K10: =E10+H10 | L10: =J10+K10 | M10: =IF(C10=0,0,L10/C10*100)
A11: 7 | B11: 4662 | C11: 2237.76 | D11: =D26+D41+D56+D71+D86+D101+D116+D131+D146+D161+D176+D191+D206+D221+D236 | E11: =E26+E41+E56+E71+E86+E101+E116+E131+E146+E161+E176+E191+E206+E221+E236 | F11: =D11+E11 | G11: =G26+G41+G56+G71+G86+G101+G116+G131+G146+G161+G176+G191+G206+G221+G236 | H11: =H26+H41+H56+H71+H86+H101+H116+H131+H146+H161+H176+H191+H206+H221+H236 | I11: =G11+H11 | J11: =D11+G11 | K11: =E11+H11 | L11: =J11+K11 | M11: =IF(C11=0,0,L11/C11*100)
A12: 8 | B12: 5552 | C12: 2664.96 | D12: =D27+D42+D57+D72+D87+D102+D117+D132+D147+D162+D177+D192+D207+D222+D237 | E12: =E27+E42+E57+E72+E87+E102+E117+E132+E147+E162+E177+E192+E207+E222+E237 | F12: =D12+E12 | G12: =G27+G42+G57+G72+G87+G102+G117+G132+G147+G162+G177+G192+G207+G222+G237 | H12: =H27+H42+H57+H72+H87+H102+H117+H132+H147+H162+H177+H192+H207+H222+H237 | I12: =G12+H12 | J12: =D12+G12 | K12: =E12+H12 | L12: =J12+K12 | M12: =IF(C12=0,0,L12/C12*100)
A13: 9 | B13: 3727 | C13: 1788.96 | D13: =D28+D43+D58+D73+D88+D103+D118+D133+D148+D163+D178+D193+D208+D223+D238 | E13: =E28+E43+E58+E73+E88+E103+E118+E133+E148+E163+E178+E193+E208+E223+E238 | F13: =D13+E13 | G13: =G28+G43+G58+G73+G88+G103+G118+G133+G148+G163+G178+G193+G208+G223+G238 | H13: =H28+H43+H58+H73+H88+H103+H118+H133+H148+H163+H178+H193+H208+H223+H238 | I13: =G13+H13 | J13: =D13+G13 | K13: =E13+H13 | L13: =J13+K13 | M13: =IF(C13=0,0,L13/C13*100)
A14: Total | B14: =SUM(B5:B13) | C14: =SUM(C5:C13) | D14: =SUM(D5:D13) | E14: =SUM(E5:E13) | F14: =D14+E14 | G14: =SUM(G5:G13) | H14: =SUM(H5:H13) | I14: =G14+H14 | J14: =D14+G14 | K14: =E14+H14 | L14: =J14+K14 | M14: =IF(C14=0,0,L14/C14*100)
A16: Day 1 - 2026-10-05 (Mon 19 Aswin 2083)
A17: Ward no. | B17: Total population | C17: JE target population | D17: Vaccinated | M17: Progress %
D18: Age 30-60 yrs | G18: Age 60 above | J18: Total | L18: Grand Total
D19: F | E19: M | F19: Total | G19: F | H19: M | I19: Total | J19: F | K19: M
A20: 1 | B20: =B5 | C20: =C5 | F20: =D20+E20 | I20: =G20+H20 | J20: =D20+G20 | K20: =E20+H20 | L20: =J20+K20 | M20: =IF(C20=0,0,L20/C20*100)
A21: 2 | B21: =B6 | C21: =C6 | F21: =D21+E21 | I21: =G21+H21 | J21: =D21+G21 | K21: =E21+H21 | L21: =J21+K21 | M21: =IF(C21=0,0,L21/C21*100)
A22: 3 | B22: =B7 | C22: =C7 | F22: =D22+E22 | I22: =G22+H22 | J22: =D22+G22 | K22: =E22+H22 | L22: =J22+K22 | M22: =IF(C22=0,0,L22/C22*100)
A23: 4 | B23: =B8 | C23: =C8 | F23: =D23+E23 | I23: =G23+H23 | J23: =D23+G23 | K23: =E23+H23 | L23: =J23+K23 | M23: =IF(C23=0,0,L23/C23*100)
A24: 5 | B24: =B9 | C24: =C9 | F24: =D24+E24 | I24: =G24+H24 | J24: =D24+G24 | K24: =E24+H24 | L24: =J24+K24 | M24: =IF(C24=0,0,L24/C24*100)
A25: 6 | B25: =B10 | C25: =C10 | F25: =D25+E25 | I25: =G25+H25 | J25: =D25+G25 | K25: =E25+H25 | L25: =J25+K25 | M25: =IF(C25=0,0,L25/C25*100)
A26: 7 | B26: =B11 | C26: =C11 | F26: =D26+E26 | I26: =G26+H26 | J26: =D26+G26 | K26: =E26+H26 | L26: =J26+K26 | M26: =IF(C26=0,0,L26/C26*100)
A27: 8 | B27: =B12 | C27: =C12 | F27: =D27+E27 | I27: =G27+H27 | J27: =D27+G27 | K27: =E27+H27 | L27: =J27+K27 | M27: =IF(C27=0,0,L27/C27*100)
A28: 9 | B28: =B13 | C28: =C13 | F28: =D28+E28 | I28: =G28+H28 | J28: =D28+G28 | K28: =E28+H28 | L28: =J28+K28 | M28: =IF(C28=0,0,L28/C28*100)
A29: Total | B29: =SUM(B20:B28) | C29: =SUM(C20:C28) | D29: =SUM(D20:D28) | E29: =SUM(E20:E28) | F29: =D29+E29 | G29: =SUM(G20:G28) | H29: =SUM(H20:H28) | I29: =G29+H29 | J29: =D29+G29 | K29: =E29+H29 | L29: =J29+K29 | M29: =IF(C29=0,0,L29/C29*100)
A31: Day 2 - 2026-10-06 (Tue 20 Aswin 2083)
A32: Ward no. | B32: Total population | C32: JE target population | D32: Vaccinated | M32: Progress %
D33: Age 30-60 yrs | G33: Age 60 above | J33: Total | L33: Grand Total
D34: F | E34: M | F34: Total | G34: F | H34: M | I34: Total | J34: F | K34: M
A35: 1 | B35: =B5 | C35: =C5 | F35: =D35+E35 | I35: =G35+H35 | J35: =D35+G35 | K35: =E35+H35 | L35: =J35+K35 | M35: =IF(C35=0,0,L35/C35*100)
A36: 2 | B36: =B6 | C36: =C6 | F36: =D36+E36 | I36: =G36+H36 | J36: =D36+G36 | K36: =E36+H36 | L36: =J36+K36 | M36: =IF(C36=0,0,L36/C36*100)
A37: 3 | B37: =B7 | C37: =C7 | F37: =D37+E37 | I37: =G37+H37 | J37: =D37+G37 | K37: =E37+H37 | L37: =J37+K37 | M37: =IF(C37=0,0,L37/C37*100)
A38: 4 | B38: =B8 | C38: =C8 | F38: =D38+E38 | I38: =G38+H38 | J38: =D38+G38 | K38: =E38+H38 | L38: =J38+K38 | M38: =IF(C38=0,0,L38/C38*100)
A39: 5 | B39: =B9 | C39: =C9 | F39: =D39+E39 | I39: =G39+H39 | J39: =D39+G39 | K39: =E39+H39 | L39: =J39+K39 | M39: =IF(C39=0,0,L39/C39*100)
A40: 6 | B40: =B10 | C40: =C10 | F40: =D40+E40 | I40: =G40+H40 | J40: =D40+G40 | K40: =E40+H40 | L40: =J40+K40 | M40: =IF(C40=0,0,L40/C40*100)
A41: 7 | B41: =B11 | C41: =C11 | F41: =D41+E41 | I41: =G41+H41 | J41: =D41+G41 | K41: =E41+H41 | L41: =J41+K41 | M41: =IF(C41=0,0,L41/C41*100)
A42: 8 | B42: =B12 | C42: =C12 | F42: =D42+E42 | I42: =G42+H42 | J42: =D42+G42 | K42: =E42+H42 | L42: =J42+K42 | M42: =IF(C42=0,0,L42/C42*100)
A43: 9 | B43: =B13 | C43: =C13 | F43: =D43+E43 | I43: =G43+H43 | J43: =D43+G43 | K43: =E43+H43 | L43: =J43+K43 | M43: =IF(C43=0,0,L43/C43*100)
A44: Total | B44: =SUM(B35:B43) | C44: =SUM(C35:C43) | D44: =SUM(D35:D43) | E44: =SUM(E35:E43) | F44: =D44+E44 | G44: =SUM(G35:G43) | H44: =SUM(H35:H43) | I44: =G44+H44 | J44: =D44+G44 | K44: =E44+H44 | L44: =J44+K44 | M44: =IF(C44=0,0,L44/C44*100)
A46: Day 3 - 2026-10-07 (Wed 21 Aswin 2083)
A47: Ward no. | B47: Total population | C47: JE target population | D47: Vaccinated | M47: Progress %
D48: Age 30-60 yrs | G48: Age 60 above | J48: Total | L48: Grand Total
D49: F | E49: M | F49: Total | G49: F | H49: M | I49: Total | J49: F | K49: M
A50: 1 | B50: =B5 | C50: =C5 | F50: =D50+E50 | I50: =G50+H50 | J50: =D50+G50 | K50: =E50+H50 | L50: =J50+K50 | M50: =IF(C50=0,0,L50/C50*100)
A51: 2 | B51: =B6 | C51: =C6 | F51: =D51+E51 | I51: =G51+H51 | J51: =D51+G51 | K51: =E51+H51 | L51: =J51+K51 | M51: =IF(C51=0,0,L51/C51*100)
A52: 3 | B52: =B7 | C52: =C7 | F52: =D52+E52 | I52: =G52+H52 | J52: =D52+G52 | K52: =E52+H52 | L52: =J52+K52 | M52: =IF(C52=0,0,L52/C52*100)
A53: 4 | B53: =B8 | C53: =C8 | F53: =D53+E53 | I53: =G53+H53 | J53: =D53+G53 | K53: =E53+H53 | L53: =J53+K53 | M53: =IF(C53=0,0,L53/C53*100)
A54: 5 | B54: =B9 | C54: =C9 | F54: =D54+E54 | I54: =G54+H54 | J54: =D54+G54 | K54: =E54+H54 | L54: =J54+K54 | M54: =IF(C54=0,0,L54/C54*100)
A55: 6 | B55: =B10 | C55: =C10 | F55: =D55+E55 | I55: =G55+H55 | J55: =D55+G55 | K55: =E55+H55 | L55: =J55+K55 | M55: =IF(C55=0,0,L55/C55*100)
A56: 7 | B56: =B11 | C56: =C11 | F56: =D56+E56 | I56: =G56+H56 | J56: =D56+G56 | K56: =E56+H56 | L56: =J56+K56 | M56: =IF(C56=0,0,L56/C56*100)
A57: 8 | B57: =B12 | C57: =C12 | F57: =D57+E57 | I57: =G57+H57 | J57: =D57+G57 | K57: =E57+H57 | L57: =J57+K57 | M57: =IF(C57=0,0,L57/C57*100)
A58: 9 | B58: =B13 | C58: =C13 | F58: =D58+E58 | I58: =G58+H58 | J58: =D58+G58 | K58: =E58+H58 | L58: =J58+K58 | M58: =IF(C58=0,0,L58/C58*100)
A59: Total | B59: =SUM(B50:B58) | C59: =SUM(C50:C58) | D59: =SUM(D50:D58) | E59: =SUM(E50:E58) | F59: =D59+E59 | G59: =SUM(G50:G58) | H59: =SUM(H50:H58) | I59: =G59+H59 | J59: =D59+G59 | K59: =E59+H59 | L59: =J59+K59 | M59: =IF(C59=0,0,L59/C59*100)
A61: Day 4 - 2026-10-08 (Thu 22 Aswin 2083)
A62: Ward no. | B62: Total population | C62: JE target population | D62: Vaccinated | M62: Progress %
D63: Age 30-60 yrs | G63: Age 60 above | J63: Total | L63: Grand Total
D64: F | E64: M | F64: Total | G64: F | H64: M | I64: Total | J64: F | K64: M
A65: 1 | B65: =B5 | C65: =C5 | F65: =D65+E65 | I65: =G65+H65 | J65: =D65+G65 | K65: =E65+H65 | L65: =J65+K65 | M65: =IF(C65=0,0,L65/C65*100)
A66: 2 | B66: =B6 | C66: =C6 | F66: =D66+E66 | I66: =G66+H66 | J66: =D66+G66 | K66: =E66+H66 | L66: =J66+K66 | M66: =IF(C66=0,0,L66/C66*100)
A67: 3 | B67: =B7 | C67: =C7 | F67: =D67+E67 | I67: =G67+H67 | J67: =D67+G67 | K67: =E67+H67 | L67: =J67+K67 | M67: =IF(C67=0,0,L67/C67*100)
A68: 4 | B68: =B8 | C68: =C8 | F68: =D68+E68 | I68: =G68+H68 | J68: =D68+G68 | K68: =E68+H68 | L68: =J68+K68 | M68: =IF(C68=0,0,L68/C68*100)
A69: 5 | B69: =B9 | C69: =C9 | F69: =D69+E69 | I69: =G69+H69 | J69: =D69+G69 | K69: =E69+H69 | L69: =J69+K69 | M69: =IF(C69=0,0,L69/C69*100)
A70: 6 | B70: =B10 | C70: =C10 | F70: =D70+E70 | I70: =G70+H70 | J70: =D70+G70 | K70: =E70+H70 | L70: =J70+K70 | M70: =IF(C70=0,0,L70/C70*100)
A71: 7 | B71: =B11 | C71: =C11 | F71: =D71+E71 | I71: =G71+H71 | J71: =D71+G71 | K71: =E71+H71 | L71: =J71+K71 | M71: =IF(C71=0,0,L71/C71*100)
A72: 8 | B72: =B12 | C72: =C12 | F72: =D72+E72 | I72: =G72+H72 | J72: =D72+G72 | K72: =E72+H72 | L72: =J72+K72 | M72: =IF(C72=0,0,L72/C72*100)
A73: 9 | B73: =B13 | C73: =C13 | F73: =D73+E73 | I73: =G73+H73 | J73: =D73+G73 | K73: =E73+H73 | L73: =J73+K73 | M73: =IF(C73=0,0,L73/C73*100)
A74: Total | B74: =SUM(B65:B73) | C74: =SUM(C65:C73) | D74: =SUM(D65:D73) | E74: =SUM(E65:E73) | F74: =D74+E74 | G74: =SUM(G65:G73) | H74: =SUM(H65:H73) | I74: =G74+H74 | J74: =D74+G74 | K74: =E74+H74 | L74: =J74+K74 | M74: =IF(C74=0,0,L74/C74*100)
A76: Day 5 - 2026-10-09 (Fri 23 Aswin 2083)
A77: Ward no. | B77: Total population | C77: JE target population | D77: Vaccinated | M77: Progress %
D78: Age 30-60 yrs | G78: Age 60 above | J78: Total | L78: Grand Total
D79: F | E79: M | F79: Total | G79: F | H79: M | I79: Total | J79: F | K79: M
A80: 1 | B80: =B5 | C80: =C5 | F80: =D80+E80 | I80: =G80+H80 | J80: =D80+G80 | K80: =E80+H80 | L80: =J80+K80 | M80: =IF(C80=0,0,L80/C80*100)
A81: 2 | B81: =B6 | C81: =C6 | F81: =D81+E81 | I81: =G81+H81 | J81: =D81+G81 | K81: =E81+H81 | L81: =J81+K81 | M81: =IF(C81=0,0,L81/C81*100)
A82: 3 | B82: =B7 | C82: =C7 | F82: =D82+E82 | I82: =G82+H82 | J82: =D82+G82 | K82: =E82+H82 | L82: =J82+K82 | M82: =IF(C82=0,0,L82/C82*100)
A83: 4 | B83: =B8 | C83: =C8 | F83: =D83+E83 | I83: =G83+H83 | J83: =D83+G83 | K83: =E83+H83 | L83: =J83+K83 | M83: =IF(C83=0,0,L83/C83*100)
A84: 5 | B84: =B9 | C84: =C9 | F84: =D84+E84 | I84: =G84+H84 | J84: =D84+G84 | K84: =E84+H84 | L84: =J84+K84 | M84: =IF(C84=0,0,L84/C84*100)
A85: 6 | B85: =B10 | C85: =C10 | F85: =D85+E85 | I85: =G85+H85 | J85: =D85+G85 | K85: =E85+H85 | L85: =J85+K85 | M85: =IF(C85=0,0,L85/C85*100)
A86: 7 | B86: =B11 | C86: =C11 | F86: =D86+E86 | I86: =G86+H86 | J86: =D86+G86 | K86: =E86+H86 | L86: =J86+K86 | M86: =IF(C86=0,0,L86/C86*100)
A87: 8 | B87: =B12 | C87: =C12 | F87: =D87+E87 | I87: =G87+H87 | J87: =D87+G87 | K87: =E87+H87 | L87: =J87+K87 | M87: =IF(C87=0,0,L87/C87*100)
A88: 9 | B88: =B13 | C88: =C13 | F88: =D88+E88 | I88: =G88+H88 | J88: =D88+G88 | K88: =E88+H88 | L88: =J88+K88 | M88: =IF(C88=0,0,L88/C88*100)
A89: Total | B89: =SUM(B80:B88) | C89: =SUM(C80:C88) | D89: =SUM(D80:D88) | E89: =SUM(E80:E88) | F89: =D89+E89 | G89: =SUM(G80:G88) | H89: =SUM(H80:H88) | I89: =G89+H89 | J89: =D89+G89 | K89: =E89+H89 | L89: =J89+K89 | M89: =IF(C89=0,0,L89/C89*100)
A91: Day 6 - 2026-10-10 (Sat 24 Aswin 2083)
A92: Ward no. | B92: Total population | C92: JE target population | D92: Vaccinated | M92: Progress %
D93: Age 30-60 yrs | G93: Age 60 above | J93: Total | L93: Grand Total
D94: F | E94: M | F94: Total | G94: F | H94: M | I94: Total | J94: F | K94: M
A95: 1 | B95: =B5 | C95: =C5 | F95: =D95+E95 | I95: =G95+H95 | J95: =D95+G95 | K95: =E95+H95 | L95: =J95+K95 | M95: =IF(C95=0,0,L95/C95*100)
A96: 2 | B96: =B6 | C96: =C6 | F96: =D96+E96 | I96: =G96+H96 | J96: =D96+G96 | K96: =E96+H96 | L96: =J96+K96 | M96: =IF(C96=0,0,L96/C96*100)
A97: 3 | B97: =B7 | C97: =C7 | F97: =D97+E97 | I97: =G97+H97 | J97: =D97+G97 | K97: =E97+H97 | L97: =J97+K97 | M97: =IF(C97=0,0,L97/C97*100)
A98: 4 | B98: =B8 | C98: =C8 | F98: =D98+E98 | I98: =G98+H98 | J98: =D98+G98 | K98: =E98+H98 | L98: =J98+K98 | M98: =IF(C98=0,0,L98/C98*100)
A99: 5 | B99: =B9 | C99: =C9 | F99: =D99+E99 | I99: =G99+H99 | J99: =D99+G99 | K99: =E99+H99 | L99: =J99+K99 | M99: =IF(C99=0,0,L99/C99*100)
A100: 6 | B100: =B10 | C100: =C10 | F100: =D100+E100 | I100: =G100+H100 | J100: =D100+G100 | K100: =E100+H100 | L100: =J100+K100 | M100: =IF(C100=0,0,L100/C100*100)
A101: 7 | B101: =B11 | C101: =C11 | F101: =D101+E101 | I101: =G101+H101 | J101: =D101+G101 | K101: =E101+H101 | L101: =J101+K101 | M101: =IF(C101=0,0,L101/C101*100)
A102: 8 | B102: =B12 | C102: =C12 | F102: =D102+E102 | I102: =G102+H102 | J102: =D102+G102 | K102: =E102+H102 | L102: =J102+K102 | M102: =IF(C102=0,0,L102/C102*100)
A103: 9 | B103: =B13 | C103: =C13 | F103: =D103+E103 | I103: =G103+H103 | J103: =D103+G103 | K103: =E103+H103 | L103: =J103+K103 | M103: =IF(C103=0,0,L103/C103*100)
A104: Total | B104: =SUM(B95:B103) | C104: =SUM(C95:C103) | D104: =SUM(D95:D103) | E104: =SUM(E95:E103) | F104: =D104+E104 | G104: =SUM(G95:G103) | H104: =SUM(H95:H103) | I104: =G104+H104 | J104: =D104+G104 | K104: =E104+H104 | L104: =J104+K104 | M104: =IF(C104=0,0,L104/C104*100)
A106: Day 7 - 2026-10-11 (Sun 25 Aswin 2083)
A107: Ward no. | B107: Total population | C107: JE target population | D107: Vaccinated | M107: Progress %
...

Sheet Shivasatakshi Municipality
A1: Shivasatakshi Municipality - Campaign Total (5-19 Oct 2026)
A2: Ward no. | B2: Total population | C2: JE target population | D2: Vaccinated | M2: Progress %
D3: Age 30-60 yrs | G3: Age 60 above | J3: Total | L3: Grand Total
D4: F | E4: M | F4: Total | G4: F | H4: M | I4: Total | J4: F | K4: M
A5: 1 | B5: 6369 | C5: 3057.12 | D5: =D22+D39+D56+D73+D90+D107+D124+D141+D158+D175+D192+D209+D226+D243+D260 | E5: =E22+E39+E56+E73+E90+E107+E124+E141+E158+E175+E192+E209+E226+E243+E260 | F5: =D5+E5 | G5: =G22+G39+G56+G73+G90+G107+G124+G141+G158+G175+G192+G209+G226+G243+G260 | H5: =H22+H39+H56+H73+H90+H107+H124+H141+H158+H175+H192+H209+H226+H243+H260 | I5: =G5+H5 | J5: =D5+G5 | K5: =E5+H5 | L5: =J5+K5 | M5: =IF(C5=0,0,L5/C5*100)
A6: 2 | B6: 6172 | C6: 2962.56 | D6: =D23+D40+D57+D74+D91+D108+D125+D142+D159+D176+D193+D210+D227+D244+D261 | E6: =E23+E40+E57+E74+E91+E108+E125+E142+E159+E176+E193+E210+E227+E244+E261 | F6: =D6+E6 | G6: =G23+G40+G57+G74+G91+G108+G125+G142+G159+G176+G193+G210+G227+G244+G261 | H6: =H23+H40+H57+H74+H91+H108+H125+H142+H159+H176+H193+H210+H227+H244+H261 | I6: =G6+H6 | J6: =D6+G6 | K6: =E6+H6 | L6: =J6+K6 | M6: =IF(C6=0,0,L6/C6*100)
A7: 3 | B7: 4635 | C7: 2224.8 | D7: =D24+D41+D58+D75+D92+D109+D126+D143+D160+D177+D194+D211+D228+D245+D262 | E7: =E24+E41+E58+E75+E92+E109+E126+E143+E160+E177+E194+E211+E228+E245+E262 | F7: =D7+E7 | G7: =G24+G41+G58+G75+G92+G109+G126+G143+G160+G177+G194+G211+G228+G245+G262 | H7: =H24+H41+H58+H75+H92+H109+H126+H143+H160+H177+H194+H211+H228+H245+H262 | I7: =G7+H7 | J7: =D7+G7 | K7: =E7+H7 | L7: =J7+K7 | M7: =IF(C7=0,0,L7/C7*100)
A8: 4 | B8: 6399 | C8: 3071.52 | D8: =D25+D42+D59+D76+D93+D110+D127+D144+D161+D178+D195+D212+D229+D246+D263 | E8: =E25+E42+E59+E76+E93+E110+E127+E144+E161+E178+E195+E212+E229+E246+E263 | F8: =D8+E8 | G8: =G25+G42+G59+G76+G93+G110+G127+G144+G161+G178+G195+G212+G229+G246+G263 | H8: =H25+H42+H59+H76+H93+H110+H127+H144+H161+H178+H195+H212+H229+H246+H263 | I8: =G8+H8 | J8: =D8+G8 | K8: =E8+H8 | L8: =J8+K8 | M8: =IF(C8=0,0,L8/C8*100)
A9: 5 | B9: 4767 | C9: 2288.16 | D9: =D26+D43+D60+D77+D94+D111+D128+D145+D162+D179+D196+D213+D230+D247+D264 | E9: =E26+E43+E60+E77+E94+E111+E128+E145+E162+E179+E196+E213+E230+E247+E264 | F9: =D9+E9 | G9: =G26+G43+G60+G77+G94+G111+G128+G145+G162+G179+G196+G213+G230+G247+G264 | H9: =H26+H43+H60+H77+H94+H111+H128+H145+H162+H179+H196+H213+H230+H247+H264 | I9: =G9+H9 | J9: =D9+G9 | K9: =E9+H9 | L9: =J9+K9 | M9: =IF(C9=0,0,L9/C9*100)
A10: 6 | B10: 6247 | C10: 2998.56 | D10: =D27+D44+D61+D78+D95+D112+D129+D146+D163+D180+D197+D214+D231+D248+D265 | E10: =E27+E44+E61+E78+E95+E112+E129+E146+E163+E180+E197+E214+E231+E248+E265 | F10: =D10+E10 | G10: =G27+G44+G61+G78+G95+G112+G129+G146+G163+G180+G197+G214+G231+G248+G265 | H10: =H27+H44+H61+H78+H95+H112+H129+H146+H163+H180+H197+H214+H231+H248+H265 | I10: =G10+H10 | J10: =D10+G10 | K10: =E10+H10 | L10: =J10+K10 | M10: =IF(C10=0,0,L10/C10*100)
A11: 7 | B11: 8247 | C11: 3958.56 | D11: =D28+D45+D62+D79+D96+D113+D130+D147+D164+D181+D198+D215+D232+D249+D266 | E11: =E28+E45+E62+E79+E96+E113+E130+E147+E164+E181+E198+E215+E232+E249+E266 | F11: =D11+E11 | G11: =G28+G45+G62+G79+G96+G113+G130+G147+G164+G181+G198+G215+G232+G249+G266 | H11: =H28+H45+H62+H79+H96+H113+H130+H147+H164+H181+H198+H215+H232+H249+H266 | I11: =G11+H11 | J11: =D11+G11 | K11: =E11+H11 | L11: =J11+K11 | M11: =IF(C11=0,0,L11/C11*100)
A12: 8 | B12: 9607 | C12: 4611.36 | D12: =D29+D46+D63+D80+D97+D114+D131+D148+D165+D182+D199+D216+D233+D250+D267 | E12: =E29+E46+E63+E80+E97+E114+E131+E148+E165+E182+E199+E216+E233+E250+E267 | F12: =D12+E12 | G12: =G29+G46+G63+G80+G97+G114+G131+G148+G165+G182+G199+G216+G233+G250+G267 | H12: =H29+H46+H63+H80+H97+H114+H131+H148+H165+H182+H199+H216+H233+H250+H267 | I12: =G12+H12 | J12: =D12+G12 | K12: =E12+H12 | L12: =J12+K12 | M12: =IF(C12=0,0,L12/C12*100)
A13: 9 | B13: 6800 | C13: 3264 | D13: =D30+D47+D64+D81+D98+D115+D132+D149+D166+D183+D200+D217+D234+D251+D268 | E13: =E30+E47+E64+E81+E98+E115+E132+E149+E166+E183+E200+E217+E234+E251+E268 | F13: =D13+E13 | G13: =G30+G47+G64+G81+G98+G115+G132+G149+G166+G183+G200+G217+G234+G251+G268 | H13: =H30+H47+H64+H81+H98+H115+H132+H149+H166+H183+H200+H217+H234+H251+H268 | I13: =G13+H13 | J13: =D13+G13 | K13: =E13+H13 | L13: =J13+K13 | M13: =IF(C13=0,0,L13/C13*100)
A14: 10 | B14: 7567 | C14: 3632.16 | D14: =D31+D48+D65+D82+D99+D116+D133+D150+D167+D184+D201+D218+D235+D252+D269 | E14: =E31+E48+E65+E82+E99+E116+E133+E150+E167+E184+E201+E218+E235+E252+E269 | F14: =D14+E14 | G14: =G31+G48+G65+G82+G99+G116+G133+G150+G167+G184+G201+G218+G235+G252+G269 | H14: =H31+H48+H65+H82+H99+H116+H133+H150+H167+H184+H201+H218+H235+H252+H269 | I14: =G14+H14 | J14: =D14+G14 | K14: =E14+H14 | L14: =J14+K14 | M14: =IF(C14=0,0,L14/C14*100)
A15: 11 | B15: 9230 | C15: 4430.4 | D15: =D32+D49+D66+D83+D100+D117+D134+D151+D168+D185+D202+D219+D236+D253+D270 | E15: =E32+E49+E66+E83+E100+E117+E134+E151+E168+E185+E202+E219+E236+E253+E270 | F15: =D15+E15 | G15: =G32+G49+G66+G83+G100+G117+G134+G151+G168+G185+G202+G219+G236+G253+G270 | H15: =H32+H49+H66+H83+H100+H117+H134+H151+H168+H185+H202+H219+H236+H253+H270 | I15: =G15+H15 | J15: =D15+G15 | K15: =E15+H15 | L15: =J15+K15 | M15: =IF(C15=0,0,L15/C15*100)
A16: Total | B16: =SUM(B5:B15) | C16: =SUM(C5:C15) | D16: =SUM(D5:D15) | E16: =SUM(E5:E15) | F16: =D16+E16 | G16: =SUM(G5:G15) | H16: =SUM(H5:H15) | I16: =G16+H16 | J16: =D16+G16 | K16: =E16+H16 | L16: =J16+K16 | M16: =IF(C16=0,0,L16/C16*100)
A18: Day 1 - 2026-10-05 (Mon 19 Aswin 2083)
A19: Ward no. | B19: Total population | C19: JE target population | D19: Vaccinated | M19: Progress %
D20: Age 30-60 yrs | G20: Age 60 above | J20: Total | L20: Grand Total
D21: F | E21: M | F21: Total | G21: F | H21: M | I21: Total | J21: F | K21: M
A22: 1 | B22: =B5 | C22: =C5 | F22: =D22+E22 | I22: =G22+H22 | J22: =D22+G22 | K22: =E22+H22 | L22: =J22+K22 | M22: =IF(C22=0,0,L22/C22*100)
A23: 2 | B23: =B6 | C23: =C6 | F23: =D23+E23 | I23: =G23+H23 | J23: =D23+G23 | K23: =E23+H23 | L23: =J23+K23 | M23: =IF(C23=0,0,L23/C23*100)
A24: 3 | B24: =B7 | C24: =C7 | F24: =D24+E24 | I24: =G24+H24 | J24: =D24+G24 | K24: =E24+H24 | L24: =J24+K24 | M24: =IF(C24=0,0,L24/C24*100)
A25: 4 | B25: =B8 | C25: =C8 | F25: =D25+E25 | I25: =G25+H25 | J25: =D25+G25 | K25: =E25+H25 | L25: =J25+K25 | M25: =IF(C25=0,0,L25/C25*100)
A26: 5 | B26: =B9 | C26: =C9 | F26: =D26+E26 | I26: =G26+H26 | J26: =D26+G26 | K26: =E26+H26 | L26: =J26+K26 | M26: =IF(C26=0,0,L26/C26*100)
A27: 6 | B27: =B10 | C27: =C10 | F27: =D27+E27 | I27: =G27+H27 | J27: =D27+G27 | K27: =E27+H27 | L27: =J27+K27 | M27: =IF(C27=0,0,L27/C27*100)
A28: 7 | B28: =B11 | C28: =C11 | F28: =D28+E28 | I28: =G28+H28 | J28: =D28+G28 | K28: =E28+H28 | L28: =J28+K28 | M28: =IF(C28=0,0,L28/C28*100)
A29: 8 | B29: =B12 | C29: =C12 | F29: =D29+E29 | I29: =G29+H29 | J29: =D29+G29 | K29: =E29+H29 | L29: =J29+K29 | M29: =IF(C29=0,0,L29/C29*100)
A30: 9 | B30: =B13 | C30: =C13 | F30: =D30+E30 | I30: =G30+H30 | J30: =D30+G30 | K30: =E30+H30 | L30: =J30+K30 | M30: =IF(C30=0,0,L30/C30*100)
A31: 10 | B31: =B14 | C31: =C14 | F31: =D31+E31 | I31: =G31+H31 | J31: =D31+G31 | K31: =E31+H31 | L31: =J31+K31 | M31: =IF(C31=0,0,L31/C31*100)
A32: 11 | B32: =B15 | C32: =C15 | F32: =D32+E32 | I32: =G32+H32 | J32: =D32+G32 | K32: =E32+H32 | L32: =J32+K32 | M32: =IF(C32=0,0,L32/C32*100)
A33: Total | B33: =SUM(B22:B32) | C33: =SUM(C22:C32) | D33: =SUM(D22:D32) | E33: =SUM(E22:E32) | F33: =D33+E33 | G33: =SUM(G22:G32) | H33: =SUM(H22:H32) | I33: =G33+H33 | J33: =D33+G33 | K33: =E33+H33 | L33: =J33+K33 | M33: =IF(C33=0,0,L33/C33*100)
A35: Day 2 - 2026-10-06 (Tue 20 Aswin 2083)
A36: Ward no. | B36: Total population | C36: JE target population | D36: Vaccinated | M36: Progress %
D37: Age 30-60 yrs | G37: Age 60 above | J37: Total | L37: Grand Total
D38: F | E38: M | F38: Total | G38: F | H38: M | I38: Total | J38: F | K38: M
A39: 1 | B39: =B5 | C39: =C5 | F39: =D39+E39 | I39: =G39+H39 | J39: =D39+G39 | K39: =E39+H39 | L39: =J39+K39 | M39: =IF(C39=0,0,L39/C39*100)
A40: 2 | B40: =B6 | C40: =C6 | F40: =D40+E40 | I40: =G40+H40 | J40: =D40+G40 | K40: =E40+H40 | L40: =J40+K40 | M40: =IF(C40=0,0,L40/C40*100)
A41: 3 | B41: =B7 | C41: =C7 | F41: =D41+E41 | I41: =G41+H41 | J41: =D41+G41 | K41: =E41+H41 | L41: =J41+K41 | M41: =IF(C41=0,0,L41/C41*100)
A42: 4 | B42: =B8 | C42: =C8 | F42: =D42+E42 | I42: =G42+H42 | J42: =D42+G42 | K42: =E42+H42 | L42: =J42+K42 | M42: =IF(C42=0,0,L42/C42*100)
A43: 5 | B43: =B9 | C43: =C9 | F43: =D43+E43 | I43: =G43+H43 | J43: =D43+G43 | K43: =E43+H43 | L43: =J43+K43 | M43: =IF(C43=0,0,L43/C43*100)
A44: 6 | B44: =B10 | C44: =C10 | F44: =D44+E44 | I44: =G44+H44 | J44: =D44+G44 | K44: =E44+H44 | L44: =J44+K44 | M44: =IF(C44=0,0,L44/C44*100)
A45: 7 | B45: =B11 | C45: =C11 | F45: =D45+E45 | I45: =G45+H45 | J45: =D45+G45 | K45: =E45+H45 | L45: =J45+K45 | M45: =IF(C45=0,0,L45/C45*100)
A46: 8 | B46: =B12 | C46: =C12 | F46: =D46+E46 | I46: =G46+H46 | J46: =D46+G46 | K46: =E46+H46 | L46: =J46+K46 | M46: =IF(C46=0,0,L46/C46*100)
A47: 9 | B47: =B13 | C47: =C13 | F47: =D47+E47 | I47: =G47+H47 | J47: =D47+G47 | K47: =E47+H47 | L47: =J47+K47 | M47: =IF(C47=0,0,L47/C47*100)
A48: 10 | B48: =B14 | C48: =C14 | F48: =D48+E48 | I48: =G48+H48 | J48: =D48+G48 | K48: =E48+H48 | L48: =J48+K48 | M48: =IF(C48=0,0,L48/C48*100)
A49: 11 | B49: =B15 | C49: =C15 | F49: =D49+E49 | I49: =G49+H49 | J49: =D49+G49 | K49: =E49+H49 | L49: =J49+K49 | M49: =IF(C49=0,0,L49/C49*100)
A50: Total | B50: =SUM(B39:B49) | C50: =SUM(C39:C49) | D50: =SUM(D39:D49) | E50: =SUM(E39:E49) | F50: =D50+E50 | G50: =SUM(G39:G49) | H50: =SUM(H39:H49) | I50: =G50+H50 | J50: =D50+G50 | K50: =E50+H50 | L50: =J50+K50 | M50: =IF(C50=0,0,L50/C50*100)
A52: Day 3 - 2026-10-07 (Wed 21 Aswin 2083)
A53: Ward no. | B53: Total population | C53: JE target population | D53: Vaccinated | M53: Progress %
D54: Age 30-60 yrs | G54: Age 60 above | J54: Total | L54: Grand Total
D55: F | E55: M | F55: Total | G55: F | H55: M | I55: Total | J55: F | K55: M
A56: 1 | B56: =B5 | C56: =C5 | F56: =D56+E56 | I56: =G56+H56 | J56: =D56+G56 | K56: =E56+H56 | L56: =J56+K56 | M56: =IF(C56=0,0,L56/C56*100)
A57: 2 | B57: =B6 | C57: =C6 | F57: =D57+E57 | I57: =G57+H57 | J57: =D57+G57 | K57: =E57+H57 | L57: =J57+K57 | M57: =IF(C57=0,0,L57/C57*100)
A58: 3 | B58: =B7 | C58: =C7 | F58: =D58+E58 | I58: =G58+H58 | J58: =D58+G58 | K58: =E58+H58 | L58: =J58+K58 | M58: =IF(C58=0,0,L58/C58*100)
A59: 4 | B59: =B8 | C59: =C8 | F59: =D59+E59 | I59: =G59+H59 | J59: =D59+G59 | K59: =E59+H59 | L59: =J59+K59 | M59: =IF(C59=0,0,L59/C59*100)
A60: 5 | B60: =B9 | C60: =C9 | F60: =D60+E60 | I60: =G60+H60 | J60: =D60+G60 | K60: =E60+H60 | L60: =J60+K60 | M60: =IF(C60=0,0,L60/C60*100)
A61: 6 | B61: =B10 | C61: =C10 | F61: =D61+E61 | I61: =G61+H61 | J61: =D61+G61 | K61: =E61+H61 | L61: =J61+K61 | M61: =IF(C61=0,0,L61/C61*100)
A62: 7 | B62: =B11 | C62: =C11 | F62: =D62+E62 | I62: =G62+H62 | J62: =D62+G62 | K62: =E62+H62 | L62: =J62+K62 | M62: =IF(C62=0,0,L62/C62*100)
A63: 8 | B63: =B12 | C63: =C12 | F63: =D63+E63 | I63: =G63+H63 | J63: =D63+G63 | K63: =E63+H63 | L63: =J63+K63 | M63: =IF(C63=0,0,L63/C63*100)
A64: 9 | B64: =B13 | C64: =C13 | F64: =D64+E64 | I64: =G64+H64 | J64: =D64+G64 | K64: =E64+H64 | L64: =J64+K64 | M64: =IF(C64=0,0,L64/C64*100)
A65: 10 | B65: =B14 | C65: =C14 | F65: =D65+E65 | I65: =G65+H65 | J65: =D65+G65 | K65: =E65+H65 | L65: =J65+K65 | M65: =IF(C65=0,0,L65/C65*100)
A66: 11 | B66: =B15 | C66: =C15 | F66: =D66+E66 | I66: =G66+H66 | J66: =D66+G66 | K66: =E66+H66 | L66: =J66+K66 | M66: =IF(C66=0,0,L66/C66*100)
A67: Total | B67: =SUM(B56:B66) | C67: =SUM(C56:C66) | D67: =SUM(D56:D66) | E67: =SUM(E56:E66) | F67: =D67+E67 | G67: =SUM(G56:G66) | H67: =SUM(H56:H66) | I67: =G67+H67 | J67: =D67+G67 | K67: =E67+H67 | L67: =J67+K67 | M67: =IF(C67=0,0,L67/C67*100)
A69: Day 4 - 2026-10-08 (Thu 22 Aswin 2083)
A70: Ward no. | B70: Total population | C70: JE target population | D70: Vaccinated | M70: Progress %
D71: Age 30-60 yrs | G71: Age 60 above | J71: Total | L71: Grand Total
D72: F | E72: M | F72: Total | G72: F | H72: M | I72: Total | J72: F | K72: M
A73: 1 | B73: =B5 | C73: =C5 | F73: =D73+E73 | I73: =G73+H73 | J73: =D73+G73 | K73: =E73+H73 | L73: =J73+K73 | M73: =IF(C73=0,0,L73/C73*100)
A74: 2 | B74: =B6 | C74: =C6 | F74: =D74+E74 | I74: =G74+H74 | J74: =D74+G74 | K74: =E74+H74 | L74: =J74+K74 | M74: =IF(C74=0,0,L74/C74*100)
A75: 3 | B75: =B7 | C75: =C7 | F75: =D75+E75 | I75: =G75+H75 | J75: =D75+G75 | K75: =E75+H75 | L75: =J75+K75 | M75: =IF(C75=0,0,L75/C75*100)
A76: 4 | B76: =B8 | C76: =C8 | F76: =D76+E76 | I76: =G76+H76 | J76: =D76+G76 | K76: =E76+H76 | L76: =J76+K76 | M76: =IF(C76=0,0,L76/C76*100)
A77: 5 | B77: =B9 | C77: =C9 | F77: =D77+E77 | I77: =G77+H77 | J77: =D77+G77 | K77: =E77+H77 | L77: =J77+K77 | M77: =IF(C77=0,0,L77/C77*100)
A78: 6 | B78: =B10 | C78: =C10 | F78: =D78+E78 | I78: =G78+H78 | J78: =D78+G78 | K78: =E78+H78 | L78: =J78+K78 | M78: =IF(C78=0,0,L78/C78*100)
A79: 7 | B79: =B11 | C79: =C11 | F79: =D79+E79 | I79: =G79+H79 | J79: =D79+G79 | K79: =E79+H79 | L79: =J79+K79 | M79: =IF(C79=0,0,L79/C79*100)
A80: 8 | B80: =B12 | C80: =C12 | F80: =D80+E80 | I80: =G80+H80 | J80: =D80+G80 | K80: =E80+H80 | L80: =J80+K80 | M80: =IF(C80=0,0,L80/C80*100)
A81: 9 | B81: =B13 | C81: =C13 | F81: =D81+E81 | I81: =G81+H81 | J81: =D81+G81 | K81: =E81+H81 | L81: =J81+K81 | M81: =IF(C81=0,0,L81/C81*100)
A82: 10 | B82: =B14 | C82: =C14 | F82: =D82+E82 | I82: =G82+H82 | J82: =D82+G82 | K82: =E82+H82 | L82: =J82+K82 | M82: =IF(C82=0,0,L82/C82*100)
A83: 11 | B83: =B15 | C83: =C15 | F83: =D83+E83 | I83: =G83+H83 | J83: =D83+G83 | K83: =E83+H83 | L83: =J83+K83 | M83: =IF(C83=0,0,L83/C83*100)
A84: Total | B84: =SUM(B73:B83) | C84: =SUM(C73:C83) | D84: =SUM(D73:D83) | E84: =SUM(E73:E83) | F84: =D84+E84 | G84: =SUM(G73:G83) | H84: =SUM(H73:H83) | I84: =G84+H84 | J84: =D84+G84 | K84: =E84+H84 | L84: =J84+K84 | M84: =IF(C84=0,0,L84/C84*100)
A86: Day 5 - 2026-10-09 (Fri 23 Aswin 2083)
A87: Ward no. | B87: Total population | C87: JE target population | D87: Vaccinated | M87: Progress %
D88: Age 30-60 yrs | G88: Age 60 above | J88: Total | L88: Grand Total
D89: F | E89: M | F89: Total | G89: F | H89: M | I89: Total | J89: F | K89: M
A90: 1 | B90: =B5 | C90: =C5 | F90: =D90+E90 | I90: =G90+H90 | J90: =D90+G90 | K90: =E90+H90 | L90: =J90+K90 | M90: =IF(C90=0,0,L90/C90*100)
A91: 2 | B91: =B6 | C91: =C6 | F91: =D91+E91 | I91: =G91+H91 | J91: =D91+G91 | K91: =E91+H91 | L91: =J91+K91 | M91: =IF(C91=0,0,L91/C91*100)
A92: 3 | B92: =B7 | C92: =C7 | F92: =D92+E92 | I92: =G92+H92 | J92: =D92+G92 | K92: =E92+H92 | L92: =J92+K92 | M92: =IF(C92=0,0,L92/C92*100)
A93: 4 | B93: =B8 | C93: =C8 | F93: =D93+E93 | I93: =G93+H93 | J93: =D93+G93 | K93: =E93+H93 | L93: =J93+K93 | M93: =IF(C93=0,0,L93/C93*100)
A94: 5 | B94: =B9 | C94: =C9 | F94: =D94+E94 | I94: =G94+H94 | J94: =D94+G94 | K94: =E94+H94 | L94: =J94+K94 | M94: =IF(C94=0,0,L94/C94*100)
A95: 6 | B95: =B10 | C95: =C10 | F95: =D95+E95 | I95: =G95+H95 | J95: =D95+G95 | K95: =E95+H95 | L95: =J95+K95 | M95: =IF(C95=0,0,L95/C95*100)
A96: 7 | B96: =B11 | C96: =C11 | F96: =D96+E96 | I96: =G96+H96 | J96: =D96+G96 | K96: =E96+H96 | L96: =J96+K96 | M96: =IF(C96=0,0,L96/C96*100)
A97: 8 | B97: =B12 | C97: =C12 | F97: =D97+E97 | I97: =G97+H97 | J97: =D97+G97 | K97: =E97+H97 | L97: =J97+K97 | M97: =IF(C97=0,0,L97/C97*100)
A98: 9 | B98: =B13 | C98: =C13 | F98: =D98+E98 | I98: =G98+H98 | J98: =D98+G98 | K98: =E98+H98 | L98: =J98+K98 | M98: =IF(C98=0,0,L98/C98*100)
A99: 10 | B99: =B14 | C99: =C14 | F99: =D99+E99 | I99: =G99+H99 | J99: =D99+G99 | K99: =E99+H99 | L99: =J99+K99 | M99: =IF(C99=0,0,L99/C99*100)
A100: 11 | B100: =B15 | C100: =C15 | F100: =D100+E100 | I100: =G100+H100 | J100: =D100+G100 | K100: =E100+H100 | L100: =J100+K100 | M100: =IF(C100=0,0,L100/C100*100)
A101: Total | B101: =SUM(B90:B100) | C101: =SUM(C90:C100) | D101: =SUM(D90:D100) | E101: =SUM(E90:E100) | F101: =D101+E101 | G101: =SUM(G90:G100) | H101: =SUM(H90:H100) | I101: =G101+H101 | J101: =D101+G101 | K101: =E101+H101 | L101: =J101+K101 | M101: =IF(C101=0,0,L101/C101*100)
A103: Day 6 - 2026-10-10 (Sat 24 Aswin 2083)
A104: Ward no. | B104: Total population | C104: JE target population | D104: Vaccinated | M104: Progress %
D105: Age 30-60 yrs | G105: Age 60 above | J105: Total | L105: Grand Total
D106: F | E106: M | F106: Total | G106: F | H106: M | I106: Total | J106: F | K106: M
...

Sheet Kamal Gaunpalika
A1: Kamal Gaunpalika - Campaign Total (5-19 Oct 2026)
A2: Ward no. | B2: Total population | C2: JE target population | D2: Vaccinated | M2: Progress %
D3: Age 30-60 yrs | G3: Age 60 above | J3: Total | L3: Grand Total
D4: F | E4: M | F4: Total | G4: F | H4: M | I4: Total | J4: F | K4: M
A5: 1 | B5: 6877 | C5: 3300.96 | D5: =D18+D31+D44+D57+D70+D83+D96+D109+D122+D135+D148+D161+D174+D187+D200 | E5: =E18+E31+E44+E57+E70+E83+E96+E109+E122+E135+E148+E161+E174+E187+E200 | F5: =D5+E5 | G5: =G18+G31+G44+G57+G70+G83+G96+G109+G122+G135+G148+G161+G174+G187+G200 | H5: =H18+H31+H44+H57+H70+H83+H96+H109+H122+H135+H148+H161+H174+H187+H200 | I5: =G5+H5 | J5: =D5+G5 | K5: =E5+H5 | L5: =J5+K5 | M5: =IF(C5=0,0,L5/C5*100)
A6: 2 | B6: 6807 | C6: 3267.36 | D6: =D19+D32+D45+D58+D71+D84+D97+D110+D123+D136+D149+D162+D175+D188+D201 | E6: =E19+E32+E45+E58+E71+E84+E97+E110+E123+E136+E149+E162+E175+E188+E201 | F6: =D6+E6 | G6: =G19+G32+G45+G58+G71+G84+G97+G110+G123+G136+G149+G162+G175+G188+G201 | H6: =H19+H32+H45+H58+H71+H84+H97+H110+H123+H136+H149+H162+H175+H188+H201 | I6: =G6+H6 | J6: =D6+G6 | K6: =E6+H6 | L6: =J6+K6 | M6: =IF(C6=0,0,L6/C6*100)
A7: 3 | B7: 6565 | C7: 3151.2 | D7: =D20+D33+D46+D59+D72+D85+D98+D111+D124+D137+D150+D163+D176+D189+D202 | E7: =E20+E33+E46+E59+E72+E85+E98+E111+E124+E137+E150+E163+E176+E189+E202 | F7: =D7+E7 | G7: =G20+G33+G46+G59+G72+G85+G98+G111+G124+G137+G150+G163+G176+G189+G202 | H7: =H20+H33+H46+H59+H72+H85+H98+H111+H124+H137+H150+H163+H176+H189+H202 | I7: =G7+H7 | J7: =D7+G7 | K7: =E7+H7 | L7: =J7+K7 | M7: =IF(C7=0,0,L7/C7*100)
A8: 4 | B8: 8179 | C8: 3925.92 | D8: =D21+D34+D47+D60+D73+D86+D99+D112+D125+D138+D151+D164+D177+D190+D203 | E8: =E21+E34+E47+E60+E73+E86+E99+E112+E125+E138+E151+E164+E177+E190+E203 | F8: =D8+E8 | G8: =G21+G34+G47+G60+G73+G86+G99+G112+G125+G138+G151+G164+G177+G190+G203 | H8: =H21+H34+H47+H60+H73+H86+H99+H112+H125+H138+H151+H164+H177+H190+H203 | I8: =G8+H8 | J8: =D8+G8 | K8: =E8+H8 | L8: =J8+K8 | M8: =IF(C8=0,0,L8/C8*100)
A9: 5 | B9: 11141 | C9: 5347.68 | D9: =D22+D35+D48+D61+D74+D87+D100+D113+D126+D139+D152+D165+D178+D191+D204 | E9: =E22+E35+E48+E61+E74+E87+E100+E113+E126+E139+E152+E165+E178+E191+E204 | F9: =D9+E9 | G9: =G22+G35+G48+G61+G74+G87+G100+G113+G126+G139+G152+G165+G178+G191+G204 | H9: =H22+H35+H48+H61+H74+H87+H100+H113+H126+H139+H152+H165+H178+H191+H204 | I9: =G9+H9 | J9: =D9+G9 | K9: =E9+H9 | L9: =J9+K9 | M9: =IF(C9=0,0,L9/C9*100)
A10: 6 | B10: 8092 | C10: 3884.16 | D10: =D23+D36+D49+D62+D75+D88+D101+D114+D127+D140+D153+D166+D179+D192+D205 | E10: =E23+E36+E49+E62+E75+E88+E101+E114+E127+E140+E153+E166+E179+E192+E205 | F10: =D10+E10 | G10: =G23+G36+G49+G62+G75+G88+G101+G114+G127+G140+G153+G166+G179+G192+G205 | H10: =H23+H36+H49+H62+H75+H88+H101+H114+H127+H140+H153+H166+H179+H192+H205 | I10: =G10+H10 | J10: =D10+G10 | K10: =E10+H10 | L10: =J10+K10 | M10: =IF(C10=0,0,L10/C10*100)
A11: 7 | B11: 7480 | C11: 3590.4 | D11: =D24+D37+D50+D63+D76+D89+D102+D115+D128+D141+D154+D167+D180+D193+D206 | E11: =E24+E37+E50+E63+E76+E89+E102+E115+E128+E141+E154+E167+E180+E193+E206 | F11: =D11+E11 | G11: =G24+G37+G50+G63+G76+G89+G102+G115+G128+G141+G154+G167+G180+G193+G206 | H11: =H24+H37+H50+H63+H76+H89+H102+H115+H128+H141+H154+H167+H180+H193+H206 | I11: =G11+H11 | J11: =D11+G11 | K11: =E11+H11 | L11: =J11+K11 | M11: =IF(C11=0,0,L11/C11*100)
A12: Total | B12: =SUM(B5:B11) | C12: =SUM(C5:C11) | D12: =SUM(D5:D11) | E12: =SUM(E5:E11) | F12: =D12+E12 | G12: =SUM(G5:G11) | H12: =SUM(H5:H11) | I12: =G12+H12 | J12: =D12+G12 | K12: =E12+H12 | L12: =J12+K12 | M12: =IF(C12=0,0,L12/C12*100)
A14: Day 1 - 2026-10-05 (Mon 19 Aswin 2083)
A15: Ward no. | B15: Total population | C15: JE target population | D15: Vaccinated | M15: Progress %
D16: Age 30-60 yrs | G16: Age 60 above | J16: Total | L16: Grand Total
D17: F | E17: M | F17: Total | G17: F | H17: M | I17: Total | J17: F | K17: M
A18: 1 | B18: =B5 | C18: =C5 | F18: =D18+E18 | I18: =G18+H18 | J18: =D18+G18 | K18: =E18+H18 | L18: =J18+K18 | M18: =IF(C18=0,0,L18/C18*100)
A19: 2 | B19: =B6 | C19: =C6 | F19: =D19+E19 | I19: =G19+H19 | J19: =D19+G19 | K19: =E19+H19 | L19: =J19+K19 | M19: =IF(C19=0,0,L19/C19*100)
A20: 3 | B20: =B7 | C20: =C7 | F20: =D20+E20 | I20: =G20+H20 | J20: =D20+G20 | K20: =E20+H20 | L20: =J20+K20 | M20: =IF(C20=0,0,L20/C20*100)
A21: 4 | B21: =B8 | C21: =C8 | F21: =D21+E21 | I21: =G21+H21 | J21: =D21+G21 | K21: =E21+H21 | L21: =J21+K21 | M21: =IF(C21=0,0,L21/C21*100)
A22: 5 | B22: =B9 | C22: =C9 | F22: =D22+E22 | I22: =G22+H22 | J22: =D22+G22 | K22: =E22+H22 | L22: =J22+K22 | M22: =IF(C22=0,0,L22/C22*100)
A23: 6 | B23: =B10 | C23: =C10 | F23: =D23+E23 | I23: =G23+H23 | J23: =D23+G23 | K23: =E23+H23 | L23: =J23+K23 | M23: =IF(C23=0,0,L23/C23*100)
A24: 7 | B24: =B11 | C24: =C11 | F24: =D24+E24 | I24: =G24+H24 | J24: =D24+G24 | K24: =E24+H24 | L24: =J24+K24 | M24: =IF(C24=0,0,L24/C24*100)
A25: Total | B25: =SUM(B18:B24) | C25: =SUM(C18:C24) | D25: =SUM(D18:D24) | E25: =SUM(E18:E24) | F25: =D25+E25 | G25: =SUM(G18:G24) | H25: =SUM(H18:H24) | I25: =G25+H25 | J25: =D25+G25 | K25: =E25+H25 | L25: =J25+K25 | M25: =IF(C25=0,0,L25/C25*100)
A27: Day 2 - 2026-10-06 (Tue 20 Aswin 2083)
A28: Ward no. | B28: Total population | C28: JE target population | D28: Vaccinated | M28: Progress %
D29: Age 30-60 yrs | G29: Age 60 above | J29: Total | L29: Grand Total
D30: F | E30: M | F30: Total | G30: F | H30: M | I30: Total | J30: F | K30: M
A31: 1 | B31: =B5 | C31: =C5 | F31: =D31+E31 | I31: =G31+H31 | J31: =D31+G31 | K31: =E31+H31 | L31: =J31+K31 | M31: =IF(C31=0,0,L31/C31*100)
A32: 2 | B32: =B6 | C32: =C6 | F32: =D32+E32 | I32: =G32+H32 | J32: =D32+G32 | K32: =E32+H32 | L32: =J32+K32 | M32: =IF(C32=0,0,L32/C32*100)
A33: 3 | B33: =B7 | C33: =C7 | F33: =D33+E33 | I33: =G33+H33 | J33: =D33+G33 | K33: =E33+H33 | L33: =J33+K33 | M33: =IF(C33=0,0,L33/C33*100)
A34: 4 | B34: =B8 | C34: =C8 | F34: =D34+E34 | I34: =G34+H34 | J34: =D34+G34 | K34: =E34+H34 | L34: =J34+K34 | M34: =IF(C34=0,0,L34/C34*100)
A35: 5 | B35: =B9 | C35: =C9 | F35: =D35+E35 | I35: =G35+H35 | J35: =D35+G35 | K35: =E35+H35 | L35: =J35+K35 | M35: =IF(C35=0,0,L35/C35*100)
A36: 6 | B36: =B10 | C36: =C10 | F36: =D36+E36 | I36: =G36+H36 | J36: =D36+G36 | K36: =E36+H36 | L36: =J36+K36 | M36: =IF(C36=0,0,L36/C36*100)
A37: 7 | B37: =B11 | C37: =C11 | F37: =D37+E37 | I37: =G37+H37 | J37: =D37+G37 | K37: =E37+H37 | L37: =J37+K37 | M37: =IF(C37=0,0,L37/C37*100)
A38: Total | B38: =SUM(B31:B37) | C38: =SUM(C31:C37) | D38: =SUM(D31:D37) | E38: =SUM(E31:E37) | F38: =D38+E38 | G38: =SUM(G31:G37) | H38: =SUM(H31:H37) | I38: =G38+H38 | J38: =D38+G38 | K38: =E38+H38 | L38: =J38+K38 | M38: =IF(C38=0,0,L38/C38*100)
A40: Day 3 - 2026-10-07 (Wed 21 Aswin 2083)
A41: Ward no. | B41: Total population | C41: JE target population | D41: Vaccinated | M41: Progress %
D42: Age 30-60 yrs | G42: Age 60 above | J42: Total | L42: Grand Total
D43: F | E43: M | F43: Total | G43: F | H43: M | I43: Total | J43: F | K43: M
A44: 1 | B44: =B5 | C44: =C5 | F44: =D44+E44 | I44: =G44+H44 | J44: =D44+G44 | K44: =E44+H44 | L44: =J44+K44 | M44: =IF(C44=0,0,L44/C44*100)
A45: 2 | B45: =B6 | C45: =C6 | F45: =D45+E45 | I45: =G45+H45 | J45: =D45+G45 | K45: =E45+H45 | L45: =J45+K45 | M45: =IF(C45=0,0,L45/C45*100)
A46: 3 | B46: =B7 | C46: =C7 | F46: =D46+E46 | I46: =G46+H46 | J46: =D46+G46 | K46: =E46+H46 | L46: =J46+K46 | M46: =IF(C46=0,0,L46/C46*100)
A47: 4 | B47: =B8 | C47: =C8 | F47: =D47+E47 | I47: =G47+H47 | J47: =D47+G47 | K47: =E47+H47 | L47: =J47+K47 | M47: =IF(C47=0,0,L47/C47*100)
A48: 5 | B48: =B9 | C48: =C9 | F48: =D48+E48 | I48: =G48+H48 | J48: =D48+G48 | K48: =E48+H48 | L48: =J48+K48 | M48: =IF(C48=0,0,L48/C48*100)
A49: 6 | B49: =B10 | C49: =C10 | F49: =D49+E49 | I49: =G49+H49 | J49: =D49+G49 | K49: =E49+H49 | L49: =J49+K49 | M49: =IF(C49=0,0,L49/C49*100)
A50: 7 | B50: =B11 | C50: =C11 | F50: =D50+E50 | I50: =G50+H50 | J50: =D50+G50 | K50: =E50+H50 | L50: =J50+K50 | M50: =IF(C50=0,0,L50/C50*100)
A51: Total | B51: =SUM(B44:B50) | C51: =SUM(C44:C50) | D51: =SUM(D44:D50) | E51: =SUM(E44:E50) | F51: =D51+E51 | G51: =SUM(G44:G50) | H51: =SUM(H44:H50) | I51: =G51+H51 | J51: =D51+G51 | K51: =E51+H51 | L51: =J51+K51 | M51: =IF(C51=0,0,L51/C51*100)
A53: Day 4 - 2026-10-08 (Thu 22 Aswin 2083)
A54: Ward no. | B54: Total population | C54: JE target population | D54: Vaccinated | M54: Progress %
D55: Age 30-60 yrs | G55: Age 60 above | J55: Total | L55: Grand Total
D56: F | E56: M | F56: Total | G56: F | H56: M | I56: Total | J56: F | K56: M
A57: 1 | B57: =B5 | C57: =C5 | F57: =D57+E57 | I57: =G57+H57 | J57: =D57+G57 | K57: =E57+H57 | L57: =J57+K57 | M57: =IF(C57=0,0,L57/C57*100)
A58: 2 | B58: =B6 | C58: =C6 | F58: =D58+E58 | I58: =G58+H58 | J58: =D58+G58 | K58: =E58+H58 | L58: =J58+K58 | M58: =IF(C58=0,0,L58/C58*100)
A59: 3 | B59: =B7 | C59: =C7 | F59: =D59+E59 | I59: =G59+H59 | J59: =D59+G59 | K59: =E59+H59 | L59: =J59+K59 | M59: =IF(C59=0,0,L59/C59*100)
A60: 4 | B60: =B8 | C60: =C8 | F60: =D60+E60 | I60: =G60+H60 | J60: =D60+G60 | K60: =E60+H60 | L60: =J60+K60 | M60: =IF(C60=0,0,L60/C60*100)
A61: 5 | B61: =B9 | C61: =C9 | F61: =D61+E61 | I61: =G61+H61 | J61: =D61+G61 | K61: =E61+H61 | L61: =J61+K61 | M61: =IF(C61=0,0,L61/C61*100)
A62: 6 | B62: =B10 | C62: =C10 | F62: =D62+E62 | I62: =G62+H62 | J62: =D62+G62 | K62: =E62+H62 | L62: =J62+K62 | M62: =IF(C62=0,0,L62/C62*100)
A63: 7 | B63: =B11 | C63: =C11 | F63: =D63+E63 | I63: =G63+H63 | J63: =D63+G63 | K63: =E63+H63 | L63: =J63+K63 | M63: =IF(C63=0,0,L63/C63*100)
A64: Total | B64: =SUM(B57:B63) | C64: =SUM(C57:C63) | D64: =SUM(D57:D63) | E64: =SUM(E57:E63) | F64: =D64+E64 | G64: =SUM(G57:G63) | H64: =SUM(H57:H63) | I64: =G64+H64 | J64: =D64+G64 | K64: =E64+H64 | L64: =J64+K64 | M64: =IF(C64=0,0,L64/C64*100)
A66: Day 5 - 2026-10-09 (Fri 23 Aswin 2083)
A67: Ward no. | B67: Total population | C67: JE target population | D67: Vaccinated | M67: Progress %
D68: Age 30-60 yrs | G68: Age 60 above | J68: Total | L68: Grand Total
D69: F | E69: M | F69: Total | G69: F | H69: M | I69: Total | J69: F | K69: M
A70: 1 | B70: =B5 | C70: =C5 | F70: =D70+E70 | I70: =G70+H70 | J70: =D70+G70 | K70: =E70+H70 | L70: =J70+K70 | M70: =IF(C70=0,0,L70/C70*100)
A71: 2 | B71: =B6 | C71: =C6 | F71: =D71+E71 | I71: =G71+H71 | J71: =D71+G71 | K71: =E71+H71 | L71: =J71+K71 | M71: =IF(C71=0,0,L71/C71*100)
A72: 3 | B72: =B7 | C72: =C7 | F72: =D72+E72 | I72: =G72+H72 | J72: =D72+G72 | K72: =E72+H72 | L72: =J72+K72 | M72: =IF(C72=0,0,L72/C72*100)
A73: 4 | B73: =B8 | C73: =C8 | F73: =D73+E73 | I73: =G73+H73 | J73: =D73+G73 | K73: =E73+H73 | L73: =J73+K73 | M73: =IF(C73=0,0,L73/C73*100)
A74: 5 | B74: =B9 | C74: =C9 | F74: =D74+E74 | I74: =G74+H74 | J74: =D74+G74 | K74: =E74+H74 | L74: =J74+K74 | M74: =IF(C74=0,0,L74/C74*100)
A75: 6 | B75: =B10 | C75: =C10 | F75: =D75+E75 | I75: =G75+H75 | J75: =D75+G75 | K75: =E75+H75 | L75: =J75+K75 | M75: =IF(C75=0,0,L75/C75*100)
A76: 7 | B76: =B11 | C76: =C11 | F76: =D76+E76 | I76: =G76+H76 | J76: =D76+G76 | K76: =E76+H76 | L76: =J76+K76 | M76: =IF(C76=0,0,L76/C76*100)
A77: Total | B77: =SUM(B70:B76) | C77: =SUM(C70:C76) | D77: =SUM(D70:D76) | E77: =SUM(E70:E76) | F77: =D77+E77 | G77: =SUM(G70:G76) | H77: =SUM(H70:H76) | I77: =G77+H77 | J77: =D77+G77 | K77: =E77+H77 | L77: =J77+K77 | M77: =IF(C77=0,0,L77/C77*100)
A79: Day 6 - 2026-10-10 (Sat 24 Aswin 2083)
A80: Ward no. | B80: Total population | C80: JE target population | D80: Vaccinated | M80: Progress %
D81: Age 30-60 yrs | G81: Age 60 above | J81: Total | L81: Grand Total
D82: F | E82: M | F82: Total | G82: F | H82: M | I82: Total | J82: F | K82: M
A83: 1 | B83: =B5 | C83: =C5 | F83: =D83+E83 | I83: =G83+H83 | J83: =D83+G83 | K83: =E83+H83 | L83: =J83+K83 | M83: =IF(C83=0,0,L83/C83*100)
A84: 2 | B84: =B6 | C84: =C6 | F84: =D84+E84 | I84: =G84+H84 | J84: =D84+G84 | K84: =E84+H84 | L84: =J84+K84 | M84: =IF(C84=0,0,L84/C84*100)
A85: 3 | B85: =B7 | C85: =C7 | F85: =D85+E85 | I85: =G85+H85 | J85: =D85+G85 | K85: =E85+H85 | L85: =J85+K85 | M85: =IF(C85=0,0,L85/C85*100)
A86: 4 | B86: =B8 | C86: =C8 | F86: =D86+E86 | I86: =G86+H86 | J86: =D86+G86 | K86: =E86+H86 | L86: =J86+K86 | M86: =IF(C86=0,0,L86/C86*100)
A87: 5 | B87: =B9 | C87: =C9 | F87: =D87+E87 | I87: =G87+H87 | J87: =D87+G87 | K87: =E87+H87 | L87: =J87+K87 | M87: =IF(C87=0,0,L87/C87*100)
A88: 6 | B88: =B10 | C88: =C10 | F88: =D88+E88 | I88: =G88+H88 | J88: =D88+G88 | K88: =E88+H88 | L88: =J88+K88 | M88: =IF(C88=0,0,L88/C88*100)
A89: 7 | B89: =B11 | C89: =C11 | F89: =D89+E89 | I89: =G89+H89 | J89: =D89+G89 | K89: =E89+H89 | L89: =J89+K89 | M89: =IF(C89=0,0,L89/C89*100)
A90: Total | B90: =SUM(B83:B89) | C90: =SUM(C83:C89) | D90: =SUM(D83:D89) | E90: =SUM(E83:E89) | F90: =D90+E90 | G90: =SUM(G83:G89) | H90: =SUM(H83:H89) | I90: =G90+H90 | J90: =D90+G90 | K90: =E90+H90 | L90: =J90+K90 | M90: =IF(C90=0,0,L90/C90*100)
A92: Day 7 - 2026-10-11 (Sun 25 Aswin 2083)
A93: Ward no. | B93: Total population | C93: JE target population | D93: Vaccinated | M93: Progress %
D94: Age 30-60 yrs | G94: Age 60 above | J94: Total | L94: Grand Total
D95: F | E95: M | F95: Total | G95: F | H95: M | I95: Total | J95: F | K95: M
A96: 1 | B96: =B5 | C96: =C5 | F96: =D96+E96 | I96: =G96+H96 | J96: =D96+G96 | K96: =E96+H96 | L96: =J96+K96 | M96: =IF(C96=0,0,L96/C96*100)
A97: 2 | B97: =B6 | C97: =C6 | F97: =D97+E97 | I97: =G97+H97 | J97: =D97+G97 | K97: =E97+H97 | L97: =J97+K97 | M97: =IF(C97=0,0,L97/C97*100)
A98: 3 | B98: =B7 | C98: =C7 | F98: =D98+E98 | I98: =G98+H98 | J98: =D98+G98 | K98: =E98+H98 | L98: =J98+K98 | M98: =IF(C98=0,0,L98/C98*100)
A99: 4 | B99: =B8 | C99: =C8 | F99: =D99+E99 | I99: =G99+H99 | J99: =D99+G99 | K99: =E99+H99 | L99: =J99+K99 | M99: =IF(C99=0,0,L99/C99*100)
A100: 5 | B100: =B9 | C100: =C9 | F100: =D100+E100 | I100: =G100+H100 | J100: =D100+G100 | K100: =E100+H100 | L100: =J100+K100 | M100: =IF(C100=0,0,L100/C100*100)
A101: 6 | B101: =B10 | C101: =C10 | F101: =D101+E101 | I101: =G101+H101 | J101: =D101+G101 | K101: =E101+H101 | L101: =J101+K101 | M101: =IF(C101=0,0,L101/C101*100)
A102: 7 | B102: =B11 | C102: =C11 | F102: =D102+E102 | I102: =G102+H102 | J102: =D102+G102 | K102: =E102+H102 | L102: =J102+K102 | M102: =IF(C102=0,0,L102/C102*100)
A103: Total | B103: =SUM(B96:B102) | C103: =SUM(C96:C102) | D103: =SUM(D96:D102) | E103: =SUM(E96:E102) | F103: =D103+E103 | G103: =SUM(G96:G102) | H103: =SUM(H96:H102) | I103: =G103+H103 | J103: =D103+G103 | K103: =E103+H103 | L103: =J103+K103 | M103: =IF(C103=0,0,L103/C103*100)
A105: Day 8 - 2026-10-12 (Mon 26 Aswin 2083)
A106: Ward no. | B106: Total population | C106: JE target population | D106: Vaccinated | M106: Progress %
D107: Age 30-60 yrs | G107: Age 60 above | J107: Total | L107: Grand Total
D108: F | E108: M | F108: Total | G108: F | H108: M | I108: Total | J108: F | K108: M
...

Sheet Damak Municipality
A1: Damak Municipality - Campaign Total (5-19 Oct 2026)
A2: Ward no. | B2: Total population | C2: JE target population | D2: Vaccinated | M2: Progress %
D3: Age 30-60 yrs | G3: Age 60 above | J3: Total | L3: Grand Total
D4: F | E4: M | F4: Total | G4: F | H4: M | I4: Total | J4: F | K4: M
A5: 1 | B5: 14924 | C5: 7163.52 | D5: =D21+D37+D53+D69+D85+D101+D117+D133+D149+D165+D181+D197+D213+D229+D245 | E5: =E21+E37+E53+E69+E85+E101+E117+E133+E149+E165+E181+E197+E213+E229+E245 | F5: =D5+E5 | G5: =G21+G37+G53+G69+G85+G101+G117+G133+G149+G165+G181+G197+G213+G229+G245 | H5: =H21+H37+H53+H69+H85+H101+H117+H133+H149+H165+H181+H197+H213+H229+H245 | I5: =G5+H5 | J5: =D5+G5 | K5: =E5+H5 | L5: =J5+K5 | M5: =IF(C5=0,0,L5/C5*100)
A6: 2 | B6: 12529 | C6: 6013.92 | D6: =D22+D38+D54+D70+D86+D102+D118+D134+D150+D166+D182+D198+D214+D230+D246 | E6: =E22+E38+E54+E70+E86+E102+E118+E134+E150+E166+E182+E198+E214+E230+E246 | F6: =D6+E6 | G6: =G22+G38+G54+G70+G86+G102+G118+G134+G150+G166+G182+G198+G214+G230+G246 | H6: =H22+H38+H54+H70+H86+H102+H118+H134+H150+H166+H182+H198+H214+H230+H246 | I6: =G6+H6 | J6: =D6+G6 | K6: =E6+H6 | L6: =J6+K6 | M6: =IF(C6=0,0,L6/C6*100)
A7: 3 | B7: 11756 | C7: 5642.88 | D7: =D23+D39+D55+D71+D87+D103+D119+D135+D151+D167+D183+D199+D215+D231+D247 | E7: =E23+E39+E55+E71+E87+E103+E119+E135+E151+E167+E183+E199+E215+E231+E247 | F7: =D7+E7 | G7: =G23+G39+G55+G71+G87+G103+G119+G135+G151+G167+G183+G199+G215+G231+G247 | H7: =H23+H39+H55+H71+H87+H103+H119+H135+H151+H167+H183+H199+H215+H231+H247 | I7: =G7+H7 | J7: =D7+G7 | K7: =E7+H7 | L7: =J7+K7 | M7: =IF(C7=0,0,L7/C7*100)
A8: 4 | B8: 12078 | C8: 5797.44 | D8: =D24+D40+D56+D72+D88+D104+D120+D136+D152+D168+D184+D200+D216+D232+D248 | E8: =E24+E40+E56+E72+E88+E104+E120+E136+E152+E168+E184+E200+E216+E232+E248 | F8: =D8+E8 | G8: =G24+G40+G56+G72+G88+G104+G120+G136+G152+G168+G184+G200+G216+G232+G248 | H8: =H24+H40+H56+H72+H88+H104+H120+H136+H152+H168+H184+H200+H216+H232+H248 | I8: =G8+H8 | J8: =D8+G8 | K8: =E8+H8 | L8: =J8+K8 | M8: =IF(C8=0,0,L8/C8*100)
A9: 5 | B9: 16384 | C9: 7864.32 | D9: =D25+D41+D57+D73+D89+D105+D121+D137+D153+D169+D185+D201+D217+D233+D249 | E9: =E25+E41+E57+E73+E89+E105+E121+E137+E153+E169+E185+E201+E217+E233+E249 | F9: =D9+E9 | G9: =G25+G41+G57+G73+G89+G105+G121+G137+G153+G169+G185+G201+G217+G233+G249 | H9: =H25+H41+H57+H73+H89+H105+H121+H137+H153+H169+H185+H201+H217+H233+H249 | I9: =G9+H9 | J9: =D9+G9 | K9: =E9+H9 | L9: =J9+K9 | M9: =IF(C9=0,0,L9/C9*100)
A10: 6 | B10: 6847 | C10: 3286.56 | D10: =D26+D42+D58+D74+D90+D106+D122+D138+D154+D170+D186+D202+D218+D234+D250 | E10: =E26+E42+E58+E74+E90+E106+E122+E138+E154+E170+E186+E202+E218+E234+E250 | F10: =D10+E10 | G10: =G26+G42+G58+G74+G90+G106+G122+G138+G154+G170+G186+G202+G218+G234+G250 | H10: =H26+H42+H58+H74+H90+H106+H122+H138+H154+H170+H186+H202+H218+H234+H250 | I10: =G10+H10 | J10: =D10+G10 | K10: =E10+H10 | L10: =J10+K10 | M10: =IF(C10=0,0,L10/C10*100)
A11: 7 | B11: 7961 | C11: 3821.28 | D11: =D27+D43+D59+D75+D91+D107+D123+D139+D155+D171+D187+D203+D219+D235+D251 | E11: =E27+E43+E59+E75+E91+E107+E123+E139+E155+E171+E187+E203+E219+E235+E251 | F11: =D11+E11 | G11: =G27+G43+G59+G75+G91+G107+G123+G139+G155+G171+G187+G203+G219+G235+G251 | H11: =H27+H43+H59+H75+H91+H107+H123+H139+H155+H171+H187+H203+H219+H235+H251 | I11: =G11+H11 | J11: =D11+G11 | K11: =E11+H11 | L11: =J11+K11 | M11: =IF(C11=0,0,L11/C11*100)
A12: 8 | B12: 11478 | C12: 5509.44 | D12: =D28+D44+D60+D76+D92+D108+D124+D140+D156+D172+D188+D204+D220+D236+D252 | E12: =E28+E44+E60+E76+E92+E108+E124+E140+E156+E172+E188+E204+E220+E236+E252 | F12: =D12+E12 | G12: =G28+G44+G60+G76+G92+G108+G124+G140+G156+G172+G188+G204+G220+G236+G252 | H12: =H28+H44+H60+H76+H92+H108+H124+H140+H156+H172+H188+H204+H220+H236+H252 | I12: =G12+H12 | J12: =D12+G12 | K12: =E12+H12 | L12: =J12+K12 | M12: =IF(C12=0,0,L12/C12*100)
A13: 9 | B13: 15078 | C13: 7237.44 | D13: =D29+D45+D61+D77+D93+D109+D125+D141+D157+D173+D189+D205+D221+D237+D253 | E13: =E29+E45+E61+E77+E93+E109+E125+E141+E157+E173+E189+E205+E221+E237+E253 | F13: =D13+E13 | G13: =G29+G45+G61+G77+G93+G109+G125+G141+G157+G173+G189+G205+G221+G237+G253 | H13: =H29+H45+H61+H77+H93+H109+H125+H141+H157+H173+H189+H205+H221+H237+H253 | I13: =G13+H13 | J13: =D13+G13 | K13: =E13+H13 | L13: =J13+K13 | M13: =IF(C13=0,0,L13/C13*100)
A14: 10 | B14: 6266 | C14: 3007.68 | D14: =D30+D46+D62+D78+D94+D110+D126+D142+D158+D174+D190+D206+D222+D238+D254 | E14: =E30+E46+E62+E78+E94+E110+E126+E142+E158+E174+E190+E206+E222+E238+E254 | F14: =D14+E14 | G14: =G30+G46+G62+G78+G94+G110+G126+G142+G158+G174+G190+G206+G222+G238+G254 | H14: =H30+H46+H62+H78+H94+H110+H126+H142+H158+H174+H190+H206+H222+H238+H254 | I14: =G14+H14 | J14: =D14+G14 | K14: =E14+H14 | L14: =J14+K14 | M14: =IF(C14=0,0,L14/C14*100)
A15: Total | B15: =SUM(B5:B14) | C15: =SUM(C5:C14) | D15: =SUM(D5:D14) | E15: =SUM(E5:E14) | F15: =D15+E15 | G15: =SUM(G5:G14) | H15: =SUM(H5:H14) | I15: =G15+H15 | J15: =D15+G15 | K15: =E15+H15 | L15: =J15+K15 | M15: =IF(C15=0,0,L15/C15*100)
A17: Day 1 - 2026-10-05 (Mon 19 Aswin 2083)
A18: Ward no. | B18: Total population | C18: JE target population | D18: Vaccinated | M18: Progress %
D19: Age 30-60 yrs | G19: Age 60 above | J19: Total | L19: Grand Total
D20: F | E20: M | F20: Total | G20: F | H20: M | I20: Total | J20: F | K20: M
A21: 1 | B21: =B5 | C21: =C5 | F21: =D21+E21 | I21: =G21+H21 | J21: =D21+G21 | K21: =E21+H21 | L21: =J21+K21 | M21: =IF(C21=0,0,L21/C21*100)
A22: 2 | B22: =B6 | C22: =C6 | F22: =D22+E22 | I22: =G22+H22 | J22: =D22+G22 | K22: =E22+H22 | L22: =J22+K22 | M22: =IF(C22=0,0,L22/C22*100)
A23: 3 | B23: =B7 | C23: =C7 | F23: =D23+E23 | I23: =G23+H23 | J23: =D23+G23 | K23: =E23+H23 | L23: =J23+K23 | M23: =IF(C23=0,0,L23/C23*100)
A24: 4 | B24: =B8 | C24: =C8 | F24: =D24+E24 | I24: =G24+H24 | J24: =D24+G24 | K24: =E24+H24 | L24: =J24+K24 | M24: =IF(C24=0,0,L24/C24*100)
A25: 5 | B25: =B9 | C25: =C9 | F25: =D25+E25 | I25: =G25+H25 | J25: =D25+G25 | K25: =E25+H25 | L25: =J25+K25 | M25: =IF(C25=0,0,L25/C25*100)
A26: 6 | B26: =B10 | C26: =C10 | F26: =D26+E26 | I26: =G26+H26 | J26: =D26+G26 | K26: =E26+H26 | L26: =J26+K26 | M26: =IF(C26=0,0,L26/C26*100)
A27: 7 | B27: =B11 | C27: =C11 | F27: =D27+E27 | I27: =G27+H27 | J27: =D27+G27 | K27: =E27+H27 | L27: =J27+K27 | M27: =IF(C27=0,0,L27/C27*100)
A28: 8 | B28: =B12 | C28: =C12 | F28: =D28+E28 | I28: =G28+H28 | J28: =D28+G28 | K28: =E28+H28 | L28: =J28+K28 | M28: =IF(C28=0,0,L28/C28*100)
A29: 9 | B29: =B13 | C29: =C13 | F29: =D29+E29 | I29: =G29+H29 | J29: =D29+G29 | K29: =E29+H29 | L29: =J29+K29 | M29: =IF(C29=0,0,L29/C29*100)
A30: 10 | B30: =B14 | C30: =C14 | F30: =D30+E30 | I30: =G30+H30 | J30: =D30+G30 | K30: =E30+H30 | L30: =J30+K30 | M30: =IF(C30=0,0,L30/C30*100)
A31: Total | B31: =SUM(B21:B30) | C31: =SUM(C21:C30) | D31: =SUM(D21:D30) | E31: =SUM(E21:E30) | F31: =D31+E31 | G31: =SUM(G21:G30) | H31: =SUM(H21:H30) | I31: =G31+H31 | J31: =D31+G31 | K31: =E31+H31 | L31: =J31+K31 | M31: =IF(C31=0,0,L31/C31*100)
A33: Day 2 - 2026-10-06 (Tue 20 Aswin 2083)
A34: Ward no. | B34: Total population | C34: JE target population | D34: Vaccinated | M34: Progress %
D35: Age 30-60 yrs | G35: Age 60 above | J35: Total | L35: Grand Total
D36: F | E36: M | F36: Total | G36: F | H36: M | I36: Total | J36: F | K36: M
A37: 1 | B37: =B5 | C37: =C5 | F37: =D37+E37 | I37: =G37+H37 | J37: =D37+G37 | K37: =E37+H37 | L37: =J37+K37 | M37: =IF(C37=0,0,L37/C37*100)
A38: 2 | B38: =B6 | C38: =C6 | F38: =D38+E38 | I38: =G38+H38 | J38: =D38+G38 | K38: =E38+H38 | L38: =J38+K38 | M38: =IF(C38=0,0,L38/C38*100)
A39: 3 | B39: =B7 | C39: =C7 | F39: =D39+E39 | I39: =G39+H39 | J39: =D39+G39 | K39: =E39+H39 | L39: =J39+K39 | M39: =IF(C39=0,0,L39/C39*100)
A40: 4 | B40: =B8 | C40: =C8 | F40: =D40+E40 | I40: =G40+H40 | J40: =D40+G40 | K40: =E40+H40 | L40: =J40+K40 | M40: =IF(C40=0,0,L40/C40*100)
A41: 5 | B41: =B9 | C41: =C9 | F41: =D41+E41 | I41: =G41+H41 | J41: =D41+G41 | K41: =E41+H41 | L41: =J41+K41 | M41: =IF(C41=0,0,L41/C41*100)
A42: 6 | B42: =B10 | C42: =C10 | F42: =D42+E42 | I42: =G42+H42 | J42: =D42+G42 | K42: =E42+H42 | L42: =J42+K42 | M42: =IF(C42=0,0,L42/C42*100)
A43: 7 | B43: =B11 | C43: =C11 | F43: =D43+E43 | I43: =G43+H43 | J43: =D43+G43 | K43: =E43+H43 | L43: =J43+K43 | M43: =IF(C43=0,0,L43/C43*100)
A44: 8 | B44: =B12 | C44: =C12 | F44: =D44+E44 | I44: =G44+H44 | J44: =D44+G44 | K44: =E44+H44 | L44: =J44+K44 | M44: =IF(C44=0,0,L44/C44*100)
A45: 9 | B45: =B13 | C45: =C13 | F45: =D45+E45 | I45: =G45+H45 | J45: =D45+G45 | K45: =E45+H45 | L45: =J45+K45 | M45: =IF(C45=0,0,L45/C45*100)
A46: 10 | B46: =B14 | C46: =C14 | F46: =D46+E46 | I46: =G46+H46 | J46: =D46+G46 | K46: =E46+H46 | L46: =J46+K46 | M46: =IF(C46=0,0,L46/C46*100)
A47: Total | B47: =SUM(B37:B46) | C47: =SUM(C37:C46) | D47: =SUM(D37:D46) | E47: =SUM(E37:E46) | F47: =D47+E47 | G47: =SUM(G37:G46) | H47: =SUM(H37:H46) | I47: =G47+H47 | J47: =D47+G47 | K47: =E47+H47 | L47: =J47+K47 | M47: =IF(C47=0,0,L47/C47*100)
A49: Day 3 - 2026-10-07 (Wed 21 Aswin 2083)
A50: Ward no. | B50: Total population | C50: JE target population | D50: Vaccinated | M50: Progress %
D51: Age 30-60 yrs | G51: Age 60 above | J51: Total | L51: Grand Total
D52: F | E52: M | F52: Total | G52: F | H52: M | I52: Total | J52: F | K52: M
A53: 1 | B53: =B5 | C53: =C5 | F53: =D53+E53 | I53: =G53+H53 | J53: =D53+G53 | K53: =E53+H53 | L53: =J53+K53 | M53: =IF(C53=0,0,L53/C53*100)
A54: 2 | B54: =B6 | C54: =C6 | F54: =D54+E54 | I54: =G54+H54 | J54: =D54+G54 | K54: =E54+H54 | L54: =J54+K54 | M54: =IF(C54=0,0,L54/C54*100)
A55: 3 | B55: =B7 | C55: =C7 | F55: =D55+E55 | I55: =G55+H55 | J55: =D55+G55 | K55: =E55+H55 | L55: =J55+K55 | M55: =IF(C55=0,0,L55/C55*100)
A56: 4 | B56: =B8 | C56: =C8 | F56: =D56+E56 | I56: =G56+H56 | J56: =D56+G56 | K56: =E56+H56 | L56: =J56+K56 | M56: =IF(C56=0,0,L56/C56*100)
A57: 5 | B57: =B9 | C57: =C9 | F57: =D57+E57 | I57: =G57+H57 | J57: =D57+G57 | K57: =E57+H57 | L57: =J57+K57 | M57: =IF(C57=0,0,L57/C57*100)
A58: 6 | B58: =B10 | C58: =C10 | F58: =D58+E58 | I58: =G58+H58 | J58: =D58+G58 | K58: =E58+H58 | L58: =J58+K58 | M58: =IF(C58=0,0,L58/C58*100)
A59: 7 | B59: =B11 | C59: =C11 | F59: =D59+E59 | I59: =G59+H59 | J59: =D59+G59 | K59: =E59+H59 | L59: =J59+K59 | M59: =IF(C59=0,0,L59/C59*100)
A60: 8 | B60: =B12 | C60: =C12 | F60: =D60+E60 | I60: =G60+H60 | J60: =D60+G60 | K60: =E60+H60 | L60: =J60+K60 | M60: =IF(C60=0,0,L60/C60*100)
A61: 9 | B61: =B13 | C61: =C13 | F61: =D61+E61 | I61: =G61+H61 | J61: =D61+G61 | K61: =E61+H61 | L61: =J61+K61 | M61: =IF(C61=0,0,L61/C61*100)
A62: 10 | B62: =B14 | C62: =C14 | F62: =D62+E62 | I62: =G62+H62 | J62: =D62+G62 | K62: =E62+H62 | L62: =J62+K62 | M62: =IF(C62=0,0,L62/C62*100)
A63: Total | B63: =SUM(B53:B62) | C63: =SUM(C53:C62) | D63: =SUM(D53:D62) | E63: =SUM(E53:E62) | F63: =D63+E63 | G63: =SUM(G53:G62) | H63: =SUM(H53:H62) | I63: =G63+H63 | J63: =D63+G63 | K63: =E63+H63 | L63: =J63+K63 | M63: =IF(C63=0,0,L63/C63*100)
A65: Day 4 - 2026-10-08 (Thu 22 Aswin 2083)
A66: Ward no. | B66: Total population | C66: JE target population | D66: Vaccinated | M66: Progress %
D67: Age 30-60 yrs | G67: Age 60 above | J67: Total | L67: Grand Total
D68: F | E68: M | F68: Total | G68: F | H68: M | I68: Total | J68: F | K68: M
A69: 1 | B69: =B5 | C69: =C5 | F69: =D69+E69 | I69: =G69+H69 | J69: =D69+G69 | K69: =E69+H69 | L69: =J69+K69 | M69: =IF(C69=0,0,L69/C69*100)
A70: 2 | B70: =B6 | C70: =C6 | F70: =D70+E70 | I70: =G70+H70 | J70: =D70+G70 | K70: =E70+H70 | L70: =J70+K70 | M70: =IF(C70=0,0,L70/C70*100)
A71: 3 | B71: =B7 | C71: =C7 | F71: =D71+E71 | I71: =G71+H71 | J71: =D71+G71 | K71: =E71+H71 | L71: =J71+K71 | M71: =IF(C71=0,0,L71/C71*100)
A72: 4 | B72: =B8 | C72: =C8 | F72: =D72+E72 | I72: =G72+H72 | J72: =D72+G72 | K72: =E72+H72 | L72: =J72+K72 | M72: =IF(C72=0,0,L72/C72*100)
A73: 5 | B73: =B9 | C73: =C9 | F73: =D73+E73 | I73: =G73+H73 | J73: =D73+G73 | K73: =E73+H73 | L73: =J73+K73 | M73: =IF(C73=0,0,L73/C73*100)
A74: 6 | B74: =B10 | C74: =C10 | F74: =D74+E74 | I74: =G74+H74 | J74: =D74+G74 | K74: =E74+H74 | L74: =J74+K74 | M74: =IF(C74=0,0,L74/C74*100)
A75: 7 | B75: =B11 | C75: =C11 | F75: =D75+E75 | I75: =G75+H75 | J75: =D75+G75 | K75: =E75+H75 | L75: =J75+K75 | M75: =IF(C75=0,0,L75/C75*100)
A76: 8 | B76: =B12 | C76: =C12 | F76: =D76+E76 | I76: =G76+H76 | J76: =D76+G76 | K76: =E76+H76 | L76: =J76+K76 | M76: =IF(C76=0,0,L76/C76*100)
A77: 9 | B77: =B13 | C77: =C13 | F77: =D77+E77 | I77: =G77+H77 | J77: =D77+G77 | K77: =E77+H77 | L77: =J77+K77 | M77: =IF(C77=0,0,L77/C77*100)
A78: 10 | B78: =B14 | C78: =C14 | F78: =D78+E78 | I78: =G78+H78 | J78: =D78+G78 | K78: =E78+H78 | L78: =J78+K78 | M78: =IF(C78=0,0,L78/C78*100)
A79: Total | B79: =SUM(B69:B78) | C79: =SUM(C69:C78) | D79: =SUM(D69:D78) | E79: =SUM(E69:E78) | F79: =D79+E79 | G79: =SUM(G69:G78) | H79: =SUM(H69:H78) | I79: =G79+H79 | J79: =D79+G79 | K79: =E79+H79 | L79: =J79+K79 | M79: =IF(C79=0,0,L79/C79*100)
A81: Day 5 - 2026-10-09 (Fri 23 Aswin 2083)
A82: Ward no. | B82: Total population | C82: JE target population | D82: Vaccinated | M82: Progress %
D83: Age 30-60 yrs | G83: Age 60 above | J83: Total | L83: Grand Total
D84: F | E84: M | F84: Total | G84: F | H84: M | I84: Total | J84: F | K84: M
A85: 1 | B85: =B5 | C85: =C5 | F85: =D85+E85 | I85: =G85+H85 | J85: =D85+G85 | K85: =E85+H85 | L85: =J85+K85 | M85: =IF(C85=0,0,L85/C85*100)
A86: 2 | B86: =B6 | C86: =C6 | F86: =D86+E86 | I86: =G86+H86 | J86: =D86+G86 | K86: =E86+H86 | L86: =J86+K86 | M86: =IF(C86=0,0,L86/C86*100)
A87: 3 | B87: =B7 | C87: =C7 | F87: =D87+E87 | I87: =G87+H87 | J87: =D87+G87 | K87: =E87+H87 | L87: =J87+K87 | M87: =IF(C87=0,0,L87/C87*100)
A88: 4 | B88: =B8 | C88: =C8 | F88: =D88+E88 | I88: =G88+H88 | J88: =D88+G88 | K88: =E88+H88 | L88: =J88+K88 | M88: =IF(C88=0,0,L88/C88*100)
A89: 5 | B89: =B9 | C89: =C9 | F89: =D89+E89 | I89: =G89+H89 | J89: =D89+G89 | K89: =E89+H89 | L89: =J89+K89 | M89: =IF(C89=0,0,L89/C89*100)
A90: 6 | B90: =B10 | C90: =C10 | F90: =D90+E90 | I90: =G90+H90 | J90: =D90+G90 | K90: =E90+H90 | L90: =J90+K90 | M90: =IF(C90=0,0,L90/C90*100)
A91: 7 | B91: =B11 | C91: =C11 | F91: =D91+E91 | I91: =G91+H91 | J91: =D91+G91 | K91: =E91+H91 | L91: =J91+K91 | M91: =IF(C91=0,0,L91/C91*100)
A92: 8 | B92: =B12 | C92: =C12 | F92: =D92+E92 | I92: =G92+H92 | J92: =D92+G92 | K92: =E92+H92 | L92: =J92+K92 | M92: =IF(C92=0,0,L92/C92*100)
A93: 9 | B93: =B13 | C93: =C13 | F93: =D93+E93 | I93: =G93+H93 | J93: =D93+G93 | K93: =E93+H93 | L93: =J93+K93 | M93: =IF(C93=0,0,L93/C93*100)
A94: 10 | B94: =B14 | C94: =C14 | F94: =D94+E94 | I94: =G94+H94 | J94: =D94+G94 | K94: =E94+H94 | L94: =J94+K94 | M94: =IF(C94=0,0,L94/C94*100)
A95: Total | B95: =SUM(B85:B94) | C95: =SUM(C85:C94) | D95: =SUM(D85:D94) | E95: =SUM(E85:E94) | F95: =D95+E95 | G95: =SUM(G85:G94) | H95: =SUM(H85:H94) | I95: =G95+H95 | J95: =D95+G95 | K95: =E95+H95 | L95: =J95+K95 | M95: =IF(C95=0,0,L95/C95*100)
A97: Day 6 - 2026-10-10 (Sat 24 Aswin 2083)
A98: Ward no. | B98: Total population | C98: JE target population | D98: Vaccinated | M98: Progress %
D99: Age 30-60 yrs | G99: Age 60 above | J99: Total | L99: Grand Total
D100: F | E100: M | F100: Total | G100: F | H100: M | I100: Total | J100: F | K100: M
A101: 1 | B101: =B5 | C101: =C5 | F101: =D101+E101 | I101: =G101+H101 | J101: =D101+G101 | K101: =E101+H101 | L101: =J101+K101 | M101: =IF(C101=0,0,L101/C101*100)
A102: 2 | B102: =B6 | C102: =C6 | F102: =D102+E102 | I102: =G102+H102 | J102: =D102+G102 | K102: =E102+H102 | L102: =J102+K102 | M102: =IF(C102=0,0,L102/C102*100)
A103: 3 | B103: =B7 | C103: =C7 | F103: =D103+E103 | I103: =G103+H103 | J103: =D103+G103 | K103: =E103+H103 | L103: =J103+K103 | M103: =IF(C103=0,0,L103/C103*100)
A104: 4 | B104: =B8 | C104: =C8 | F104: =D104+E104 | I104: =G104+H104 | J104: =D104+G104 | K104: =E104+H104 | L104: =J104+K104 | M104: =IF(C104=0,0,L104/C104*100)
A105: 5 | B105: =B9 | C105: =C9 | F105: =D105+E105 | I105: =G105+H105 | J105: =D105+G105 | K105: =E105+H105 | L105: =J105+K105 | M105: =IF(C105=0,0,L105/C105*100)
A106: 6 | B106: =B10 | C106: =C10 | F106: =D106+E106 | I106: =G106+H106 | J106: =D106+G106 | K106: =E106+H106 | L106: =J106+K106 | M106: =IF(C106=0,0,L106/C106*100)
...

Sheet Gauradaha Municipality
A1: Gauradaha Municipality - Campaign Total (5-19 Oct 2026)
A2: Ward no. | B2: Total population | C2: JE target population | D2: Vaccinated | M2: Progress %
D3: Age 30-60 yrs | G3: Age 60 above | J3: Total | L3: Grand Total
D4: F | E4: M | F4: Total | G4: F | H4: M | I4: Total | J4: F | K4: M
A5: 1 | B5: 10136 | C5: 4865.28 | D5: =D20+D35+D50+D65+D80+D95+D110+D125+D140+D155+D170+D185+D200+D215+D230 | E5: =E20+E35+E50+E65+E80+E95+E110+E125+E140+E155+E170+E185+E200+E215+E230 | F5: =D5+E5 | G5: =G20+G35+G50+G65+G80+G95+G110+G125+G140+G155+G170+G185+G200+G215+G230 | H5: =H20+H35+H50+H65+H80+H95+H110+H125+H140+H155+H170+H185+H200+H215+H230 | I5: =G5+H5 | J5: =D5+G5 | K5: =E5+H5 | L5: =J5+K5 | M5: =IF(C5=0,0,L5/C5*100)
A6: 2 | B6: 5101 | C6: 2448.48 | D6: =D21+D36+D51+D66+D81+D96+D111+D126+D141+D156+D171+D186+D201+D216+D231 | E6: =E21+E36+E51+E66+E81+E96+E111+E126+E141+E156+E171+E186+E201+E216+E231 | F6: =D6+E6 | G6: =G21+G36+G51+G66+G81+G96+G111+G126+G141+G156+G171+G186+G201+G216+G231 | H6: =H21+H36+H51+H66+H81+H96+H111+H126+H141+H156+H171+H186+H201+H216+H231 | I6: =G6+H6 | J6: =D6+G6 | K6: =E6+H6 | L6: =J6+K6 | M6: =IF(C6=0,0,L6/C6*100)
A7: 3 | B7: 4836 | C7: 2321.28 | D7: =D22+D37+D52+D67+D82+D97+D112+D127+D142+D157+D172+D187+D202+D217+D232 | E7: =E22+E37+E52+E67+E82+E97+E112+E127+E142+E157+E172+E187+E202+E217+E232 | F7: =D7+E7 | G7: =G22+G37+G52+G67+G82+G97+G112+G127+G142+G157+G172+G187+G202+G217+G232 | H7: =H22+H37+H52+H67+H82+H97+H112+H127+H142+H157+H172+H187+H202+H217+H232 | I7: =G7+H7 | J7: =D7+G7 | K7: =E7+H7 | L7: =J7+K7 | M7: =IF(C7=0,0,L7/C7*100)
A8: 4 | B8: 7697 | C8: 3694.56 | D8: =D23+D38+D53+D68+D83+D98+D113+D128+D143+D158+D173+D188+D203+D218+D233 | E8: =E23+E38+E53+E68+E83+E98+E113+E128+E143+E158+E173+E188+E203+E218+E233 | F8: =D8+E8 | G8: =G23+G38+G53+G68+G83+G98+G113+G128+G143+G158+G173+G188+G203+G218+G233 | H8: =H23+H38+H53+H68+H83+H98+H113+H128+H143+H158+H173+H188+H203+H218+H233 | I8: =G8+H8 | J8: =D8+G8 | K8: =E8+H8 | L8: =J8+K8 | M8: =IF(C8=0,0,L8/C8*100)
A9: 5 | B9: 8418 | C9: 4040.64 | D9: =D24+D39+D54+D69+D84+D99+D114+D129+D144+D159+D174+D189+D204+D219+D234 | E9: =E24+E39+E54+E69+E84+E99+E114+E129+E144+E159+E174+E189+E204+E219+E234 | F9: =D9+E9 | G9: =G24+G39+G54+G69+G84+G99+G114+G129+G144+G159+G174+G189+G204+G219+G234 | H9: =H24+H39+H54+H69+H84+H99+H114+H129+H144+H159+H174+H189+H204+H219+H234 | I9: =G9+H9 | J9: =D9+G9 | K9: =E9+H9 | L9: =J9+K9 | M9: =IF(C9=0,0,L9/C9*100)
A10: 6 | B10: 6965 | C10: 3343.2 | D10: =D25+D40+D55+D70+D85+D100+D115+D130+D145+D160+D175+D190+D205+D220+D235 | E10: =E25+E40+E55+E70+E85+E100+E115+E130+E145+E160+E175+E190+E205+E220+E235 | F10: =D10+E10 | G10: =G25+G40+G55+G70+G85+G100+G115+G130+G145+G160+G175+G190+G205+G220+G235 | H10: =H25+H40+H55+H70+H85+H100+H115+H130+H145+H160+H175+H190+H205+H220+H235 | I10: =G10+H10 | J10: =D10+G10 | K10: =E10+H10 | L10: =J10+K10 | M10: =IF(C10=0,0,L10/C10*100)
A11: 7 | B11: 7137 | C11: 3425.76 | D11: =D26+D41+D56+D71+D86+D101+D116+D131+D146+D161+D176+D191+D206+D221+D236 | E11: =E26+E41+E56+E71+E86+E101+E116+E131+E146+E161+E176+E191+E206+E221+E236 | F11: =D11+E11 | G11: =G26+G41+G56+G71+G86+G101+G116+G131+G146+G161+G176+G191+G206+G221+G236 | H11: =H26+H41+H56+H71+H86+H101+H116+H131+H146+H161+H176+H191+H206+H221+H236 | I11: =G11+H11 | J11: =D11+G11 | K11: =E11+H11 | L11: =J11+K11 | M11: =IF(C11=0,0,L11/C11*100)
A12: 8 | B12: 5799 | C12: 2783.52 | D12: =D27+D42+D57+D72+D87+D102+D117+D132+D147+D162+D177+D192+D207+D222+D237 | E12: =E27+E42+E57+E72+E87+E102+E117+E132+E147+E162+E177+E192+E207+E222+E237 | F12: =D12+E12 | G12: =G27+G42+G57+G72+G87+G102+G117+G132+G147+G162+G177+G192+G207+G222+G237 | H12: =H27+H42+H57+H72+H87+H102+H117+H132+H147+H162+H177+H192+H207+H222+H237 | I12: =G12+H12 | J12: =D12+G12 | K12: =E12+H12 | L12: =J12+K12 | M12: =IF(C12=0,0,L12/C12*100)
A13: 9 | B13: 6476 | C13: 3108.48 | D13: =D28+D43+D58+D73+D88+D103+D118+D133+D148+D163+D178+D193+D208+D223+D238 | E13: =E28+E43+E58+E73+E88+E103+E118+E133+E148+E163+E178+E193+E208+E223+E238 | F13: =D13+E13 | G13: =G28+G43+G58+G73+G88+G103+G118+G133+G148+G163+G178+G193+G208+G223+G238 | H13: =H28+H43+H58+H73+H88+H103+H118+H133+H148+H163+H178+H193+H208+H223+H238 | I13: =G13+H13 | J13: =D13+G13 | K13: =E13+H13 | L13: =J13+K13 | M13: =IF(C13=0,0,L13/C13*100)
A14: Total | B14: =SUM(B5:B13) | C14: =SUM(C5:C13) | D14: =SUM(D5:D13) | E14: =SUM(E5:E13) | F14: =D14+E14 | G14: =SUM(G5:G13) | H14: =SUM(H5:H13) | I14: =G14+H14 | J14: =D14+G14 | K14: =E14+H14 | L14: =J14+K14 | M14: =IF(C14=0,0,L14/C14*100)
A16: Day 1 - 2026-10-05 (Mon 19 Aswin 2083)
A17: Ward no. | B17: Total population | C17: JE target population | D17: Vaccinated | M17: Progress %
D18: Age 30-60 yrs | G18: Age 60 above | J18: Total | L18: Grand Total
D19: F | E19: M | F19: Total | G19: F | H19: M | I19: Total | J19: F | K19: M
A20: 1 | B20: =B5 | C20: =C5 | F20: =D20+E20 | I20: =G20+H20 | J20: =D20+G20 | K20: =E20+H20 | L20: =J20+K20 | M20: =IF(C20=0,0,L20/C20*100)
A21: 2 | B21: =B6 | C21: =C6 | F21: =D21+E21 | I21: =G21+H21 | J21: =D21+G21 | K21: =E21+H21 | L21: =J21+K21 | M21: =IF(C21=0,0,L21/C21*100)
A22: 3 | B22: =B7 | C22: =C7 | F22: =D22+E22 | I22: =G22+H22 | J22: =D22+G22 | K22: =E22+H22 | L22: =J22+K22 | M22: =IF(C22=0,0,L22/C22*100)
A23: 4 | B23: =B8 | C23: =C8 | F23: =D23+E23 | I23: =G23+H23 | J23: =D23+G23 | K23: =E23+H23 | L23: =J23+K23 | M23: =IF(C23=0,0,L23/C23*100)
A24: 5 | B24: =B9 | C24: =C9 | F24: =D24+E24 | I24: =G24+H24 | J24: =D24+G24 | K24: =E24+H24 | L24: =J24+K24 | M24: =IF(C24=0,0,L24/C24*100)
A25: 6 | B25: =B10 | C25: =C10 | F25: =D25+E25 | I25: =G25+H25 | J25: =D25+G25 | K25: =E25+H25 | L25: =J25+K25 | M25: =IF(C25=0,0,L25/C25*100)
A26: 7 | B26: =B11 | C26: =C11 | F26: =D26+E26 | I26: =G26+H26 | J26: =D26+G26 | K26: =E26+H26 | L26: =J26+K26 | M26: =IF(C26=0,0,L26/C26*100)
A27: 8 | B27: =B12 | C27: =C12 | F27: =D27+E27 | I27: =G27+H27 | J27: =D27+G27 | K27: =E27+H27 | L27: =J27+K27 | M27: =IF(C27=0,0,L27/C27*100)
A28: 9 | B28: =B13 | C28: =C13 | F28: =D28+E28 | I28: =G28+H28 | J28: =D28+G28 | K28: =E28+H28 | L28: =J28+K28 | M28: =IF(C28=0,0,L28/C28*100)
A29: Total | B29: =SUM(B20:B28) | C29: =SUM(C20:C28) | D29: =SUM(D20:D28) | E29: =SUM(E20:E28) | F29: =D29+E29 | G29: =SUM(G20:G28) | H29: =SUM(H20:H28) | I29: =G29+H29 | J29: =D29+G29 | K29: =E29+H29 | L29: =J29+K29 | M29: =IF(C29=0,0,L29/C29*100)
A31: Day 2 - 2026-10-06 (Tue 20 Aswin 2083)
A32: Ward no. | B32: Total population | C32: JE target population | D32: Vaccinated | M32: Progress %
D33: Age 30-60 yrs | G33: Age 60 above | J33: Total | L33: Grand Total
D34: F | E34: M | F34: Total | G34: F | H34: M | I34: Total | J34: F | K34: M
A35: 1 | B35: =B5 | C35: =C5 | F35: =D35+E35 | I35: =G35+H35 | J35: =D35+G35 | K35: =E35+H35 | L35: =J35+K35 | M35: =IF(C35=0,0,L35/C35*100)
A36: 2 | B36: =B6 | C36: =C6 | F36: =D36+E36 | I36: =G36+H36 | J36: =D36+G36 | K36: =E36+H36 | L36: =J36+K36 | M36: =IF(C36=0,0,L36/C36*100)
A37: 3 | B37: =B7 | C37: =C7 | F37: =D37+E37 | I37: =G37+H37 | J37: =D37+G37 | K37: =E37+H37 | L37: =J37+K37 | M37: =IF(C37=0,0,L37/C37*100)
A38: 4 | B38: =B8 | C38: =C8 | F38: =D38+E38 | I38: =G38+H38 | J38: =D38+G38 | K38: =E38+H38 | L38: =J38+K38 | M38: =IF(C38=0,0,L38/C38*100)
A39: 5 | B39: =B9 | C39: =C9 | F39: =D39+E39 | I39: =G39+H39 | J39: =D39+G39 | K39: =E39+H39 | L39: =J39+K39 | M39: =IF(C39=0,0,L39/C39*100)
A40: 6 | B40: =B10 | C40: =C10 | F40: =D40+E40 | I40: =G40+H40 | J40: =D40+G40 | K40: =E40+H40 | L40: =J40+K40 | M40: =IF(C40=0,0,L40/C40*100)
A41: 7 | B41: =B11 | C41: =C11 | F41: =D41+E41 | I41: =G41+H41 | J41: =D41+G41 | K41: =E41+H41 | L41: =J41+K41 | M41: =IF(C41=0,0,L41/C41*100)
A42: 8 | B42: =B12 | C42: =C12 | F42: =D42+E42 | I42: =G42+H42 | J42: =D42+G42 | K42: =E42+H42 | L42: =J42+K42 | M42: =IF(C42=0,0,L42/C42*100)
A43: 9 | B43: =B13 | C43: =C13 | F43: =D43+E43 | I43: =G43+H43 | J43: =D43+G43 | K43: =E43+H43 | L43: =J43+K43 | M43: =IF(C43=0,0,L43/C43*100)
A44: Total | B44: =SUM(B35:B43) | C44: =SUM(C35:C43) | D44: =SUM(D35:D43) | E44: =SUM(E35:E43) | F44: =D44+E44 | G44: =SUM(G35:G43) | H44: =SUM(H35:H43) | I44: =G44+H44 | J44: =D44+G44 | K44: =E44+H44 | L44: =J44+K44 | M44: =IF(C44=0,0,L44/C44*100)
A46: Day 3 - 2026-10-07 (Wed 21 Aswin 2083)
A47: Ward no. | B47: Total population | C47: JE target population | D47: Vaccinated | M47: Progress %
D48: Age 30-60 yrs | G48: Age 60 above | J48: Total | L48: Grand Total
D49: F | E49: M | F49: Total | G49: F | H49: M | I49: Total | J49: F | K49: M
A50: 1 | B50: =B5 | C50: =C5 | F50: =D50+E50 | I50: =G50+H50 | J50: =D50+G50 | K50: =E50+H50 | L50: =J50+K50 | M50: =IF(C50=0,0,L50/C50*100)
A51: 2 | B51: =B6 | C51: =C6 | F51: =D51+E51 | I51: =G51+H51 | J51: =D51+G51 | K51: =E51+H51 | L51: =J51+K51 | M51: =IF(C51=0,0,L51/C51*100)
A52: 3 | B52: =B7 | C52: =C7 | F52: =D52+E52 | I52: =G52+H52 | J52: =D52+G52 | K52: =E52+H52 | L52: =J52+K52 | M52: =IF(C52=0,0,L52/C52*100)
A53: 4 | B53: =B8 | C53: =C8 | F53: =D53+E53 | I53: =G53+H53 | J53: =D53+G53 | K53: =E53+H53 | L53: =J53+K53 | M53: =IF(C53=0,0,L53/C53*100)
A54: 5 | B54: =B9 | C54: =C9 | F54: =D54+E54 | I54: =G54+H54 | J54: =D54+G54 | K54: =E54+H54 | L54: =J54+K54 | M54: =IF(C54=0,0,L54/C54*100)
A55: 6 | B55: =B10 | C55: =C10 | F55: =D55+E55 | I55: =G55+H55 | J55: =D55+G55 | K55: =E55+H55 | L55: =J55+K55 | M55: =IF(C55=0,0,L55/C55*100)
A56: 7 | B56: =B11 | C56: =C11 | F56: =D56+E56 | I56: =G56+H56 | J56: =D56+G56 | K56: =E56+H56 | L56: =J56+K56 | M56: =IF(C56=0,0,L56/C56*100)
A57: 8 | B57: =B12 | C57: =C12 | F57: =D57+E57 | I57: =G57+H57 | J57: =D57+G57 | K57: =E57+H57 | L57: =J57+K57 | M57: =IF(C57=0,0,L57/C57*100)
A58: 9 | B58: =B13 | C58: =C13 | F58: =D58+E58 | I58: =G58+H58 | J58: =D58+G58 | K58: =E58+H58 | L58: =J58+K58 | M58: =IF(C58=0,0,L58/C58*100)
A59: Total | B59: =SUM(B50:B58) | C59: =SUM(C50:C58) | D59: =SUM(D50:D58) | E59: =SUM(E50:E58) | F59: =D59+E59 | G59: =SUM(G50:G58) | H59: =SUM(H50:H58) | I59: =G59+H59 | J59: =D59+G59 | K59: =E59+H59 | L59: =J59+K59 | M59: =IF(C59=0,0,L59/C59*100)
A61: Day 4 - 2026-10-08 (Thu 22 Aswin 2083)
A62: Ward no. | B62: Total population | C62: JE target population | D62: Vaccinated | M62: Progress %
D63: Age 30-60 yrs | G63: Age 60 above | J63: Total | L63: Grand Total
D64: F | E64: M | F64: Total | G64: F | H64: M | I64: Total | J64: F | K64: M
A65: 1 | B65: =B5 | C65: =C5 | F65: =D65+E65 | I65: =G65+H65 | J65: =D65+G65 | K65: =E65+H65 | L65: =J65+K65 | M65: =IF(C65=0,0,L65/C65*100)
A66: 2 | B66: =B6 | C66: =C6 | F66: =D66+E66 | I66: =G66+H66 | J66: =D66+G66 | K66: =E66+H66 | L66: =J66+K66 | M66: =IF(C66=0,0,L66/C66*100)
A67: 3 | B67: =B7 | C67: =C7 | F67: =D67+E67 | I67: =G67+H67 | J67: =D67+G67 | K67: =E67+H67 | L67: =J67+K67 | M67: =IF(C67=0,0,L67/C67*100)
A68: 4 | B68: =B8 | C68: =C8 | F68: =D68+E68 | I68: =G68+H68 | J68: =D68+G68 | K68: =E68+H68 | L68: =J68+K68 | M68: =IF(C68=0,0,L68/C68*100)
A69: 5 | B69: =B9 | C69: =C9 | F69: =D69+E69 | I69: =G69+H69 | J69: =D69+G69 | K69: =E69+H69 | L69: =J69+K69 | M69: =IF(C69=0,0,L69/C69*100)
A70: 6 | B70: =B10 | C70: =C10 | F70: =D70+E70 | I70: =G70+H70 | J70: =D70+G70 | K70: =E70+H70 | L70: =J70+K70 | M70: =IF(C70=0,0,L70/C70*100)
A71: 7 | B71: =B11 | C71: =C11 | F71: =D71+E71 | I71: =G71+H71 | J71: =D71+G71 | K71: =E71+H71 | L71: =J71+K71 | M71: =IF(C71=0,0,L71/C71*100)
A72: 8 | B72: =B12 | C72: =C12 | F72: =D72+E72 | I72: =G72+H72 | J72: =D72+G72 | K72: =E72+H72 | L72: =J72+K72 | M72: =IF(C72=0,0,L72/C72*100)
A73: 9 | B73: =B13 | C73: =C13 | F73: =D73+E73 | I73: =G73+H73 | J73: =D73+G73 | K73: =E73+H73 | L73: =J73+K73 | M73: =IF(C73=0,0,L73/C73*100)
A74: Total | B74: =SUM(B65:B73) | C74: =SUM(C65:C73) | D74: =SUM(D65:D73) | E74: =SUM(E65:E73) | F74: =D74+E74 | G74: =SUM(G65:G73) | H74: =SUM(H65:H73) | I74: =G74+H74 | J74: =D74+G74 | K74: =E74+H74 | L74: =J74+K74 | M74: =IF(C74=0,0,L74/C74*100)
A76: Day 5 - 2026-10-09 (Fri 23 Aswin 2083)
A77: Ward no. | B77: Total population | C77: JE target population | D77: Vaccinated | M77: Progress %
D78: Age 30-60 yrs | G78: Age 60 above | J78: Total | L78: Grand Total
D79: F | E79: M | F79: Total | G79: F | H79: M | I79: Total | J79: F | K79: M
A80: 1 | B80: =B5 | C80: =C5 | F80: =D80+E80 | I80: =G80+H80 | J80: =D80+G80 | K80: =E80+H80 | L80: =J80+K80 | M80: =IF(C80=0,0,L80/C80*100)
A81: 2 | B81: =B6 | C81: =C6 | F81: =D81+E81 | I81: =G81+H81 | J81: =D81+G81 | K81: =E81+H81 | L81: =J81+K81 | M81: =IF(C81=0,0,L81/C81*100)
A82: 3 | B82: =B7 | C82: =C7 | F82: =D82+E82 | I82: =G82+H82 | J82: =D82+G82 | K82: =E82+H82 | L82: =J82+K82 | M82: =IF(C82=0,0,L82/C82*100)
A83: 4 | B83: =B8 | C83: =C8 | F83: =D83+E83 | I83: =G83+H83 | J83: =D83+G83 | K83: =E83+H83 | L83: =J83+K83 | M83: =IF(C83=0,0,L83/C83*100)
A84: 5 | B84: =B9 | C84: =C9 | F84: =D84+E84 | I84: =G84+H84 | J84: =D84+G84 | K84: =E84+H84 | L84: =J84+K84 | M84: =IF(C84=0,0,L84/C84*100)
A85: 6 | B85: =B10 | C85: =C10 | F85: =D85+E85 | I85: =G85+H85 | J85: =D85+G85 | K85: =E85+H85 | L85: =J85+K85 | M85: =IF(C85=0,0,L85/C85*100)
A86: 7 | B86: =B11 | C86: =C11 | F86: =D86+E86 | I86: =G86+H86 | J86: =D86+G86 | K86: =E86+H86 | L86: =J86+K86 | M86: =IF(C86=0,0,L86/C86*100)
A87: 8 | B87: =B12 | C87: =C12 | F87: =D87+E87 | I87: =G87+H87 | J87: =D87+G87 | K87: =E87+H87 | L87: =J87+K87 | M87: =IF(C87=0,0,L87/C87*100)
A88: 9 | B88: =B13 | C88: =C13 | F88: =D88+E88 | I88: =G88+H88 | J88: =D88+G88 | K88: =E88+H88 | L88: =J88+K88 | M88: =IF(C88=0,0,L88/C88*100)
A89: Total | B89: =SUM(B80:B88) | C89: =SUM(C80:C88) | D89: =SUM(D80:D88) | E89: =SUM(E80:E88) | F89: =D89+E89 | G89: =SUM(G80:G88) | H89: =SUM(H80:H88) | I89: =G89+H89 | J89: =D89+G89 | K89: =E89+H89 | L89: =J89+K89 | M89: =IF(C89=0,0,L89/C89*100)
A91: Day 6 - 2026-10-10 (Sat 24 Aswin 2083)
A92: Ward no. | B92: Total population | C92: JE target population | D92: Vaccinated | M92: Progress %
D93: Age 30-60 yrs | G93: Age 60 above | J93: Total | L93: Grand Total
D94: F | E94: M | F94: Total | G94: F | H94: M | I94: Total | J94: F | K94: M
A95: 1 | B95: =B5 | C95: =C5 | F95: =D95+E95 | I95: =G95+H95 | J95: =D95+G95 | K95: =E95+H95 | L95: =J95+K95 | M95: =IF(C95=0,0,L95/C95*100)
A96: 2 | B96: =B6 | C96: =C6 | F96: =D96+E96 | I96: =G96+H96 | J96: =D96+G96 | K96: =E96+H96 | L96: =J96+K96 | M96: =IF(C96=0,0,L96/C96*100)
A97: 3 | B97: =B7 | C97: =C7 | F97: =D97+E97 | I97: =G97+H97 | J97: =D97+G97 | K97: =E97+H97 | L97: =J97+K97 | M97: =IF(C97=0,0,L97/C97*100)
A98: 4 | B98: =B8 | C98: =C8 | F98: =D98+E98 | I98: =G98+H98 | J98: =D98+G98 | K98: =E98+H98 | L98: =J98+K98 | M98: =IF(C98=0,0,L98/C98*100)
A99: 5 | B99: =B9 | C99: =C9 | F99: =D99+E99 | I99: =G99+H99 | J99: =D99+G99 | K99: =E99+H99 | L99: =J99+K99 | M99: =IF(C99=0,0,L99/C99*100)
A100: 6 | B100: =B10 | C100: =C10 | F100: =D100+E100 | I100: =G100+H100 | J100: =D100+G100 | K100: =E100+H100 | L100: =J100+K100 | M100: =IF(C100=0,0,L100/C100*100)
A101: 7 | B101: =B11 | C101: =C11 | F101: =D101+E101 | I101: =G101+H101 | J101: =D101+G101 | K101: =E101+H101 | L101: =J101+K101 | M101: =IF(C101=0,0,L101/C101*100)
A102: 8 | B102: =B12 | C102: =C12 | F102: =D102+E102 | I102: =G102+H102 | J102: =D102+G102 | K102: =E102+H102 | L102: =J102+K102 | M102: =IF(C102=0,0,L102/C102*100)
A103: 9 | B103: =B13 | C103: =C13 | F103: =D103+E103 | I103: =G103+H103 | J103: =D103+G103 | K103: =E103+H103 | L103: =J103+K103 | M103: =IF(C103=0,0,L103/C103*100)
A104: Total | B104: =SUM(B95:B103) | C104: =SUM(C95:C103) | D104: =SUM(D95:D103) | E104: =SUM(E95:E103) | F104: =D104+E104 | G104: =SUM(G95:G103) | H104: =SUM(H95:H103) | I104: =G104+H104 | J104: =D104+G104 | K104: =E104+H104 | L104: =J104+K104 | M104: =IF(C104=0,0,L104/C104*100)
A106: Day 7 - 2026-10-11 (Sun 25 Aswin 2083)
A107: Ward no. | B107: Total population | C107: JE target population | D107: Vaccinated | M107: Progress %
...

Sheet Gauriganj Gaunpalika
A1: Gauriganj Gaunpalika - Campaign Total (5-19 Oct 2026)
A2: Ward no. | B2: Total population | C2: JE target population | D2: Vaccinated | M2: Progress %
D3: Age 30-60 yrs | G3: Age 60 above | J3: Total | L3: Grand Total
D4: F | E4: M | F4: Total | G4: F | H4: M | I4: Total | J4: F | K4: M
A5: 1 | B5: 7239 | C5: 3474.72 | D5: =D17+D29+D41+D53+D65+D77+D89+D101+D113+D125+D137+D149+D161+D173+D185 | E5: =E17+E29+E41+E53+E65+E77+E89+E101+E113+E125+E137+E149+E161+E173+E185 | F5: =D5+E5 | G5: =G17+G29+G41+G53+G65+G77+G89+G101+G113+G125+G137+G149+G161+G173+G185 | H5: =H17+H29+H41+H53+H65+H77+H89+H101+H113+H125+H137+H149+H161+H173+H185 | I5: =G5+H5 | J5: =D5+G5 | K5: =E5+H5 | L5: =J5+K5 | M5: =IF(C5=0,0,L5/C5*100)
A6: 2 | B6: 6257 | C6: 3003.36 | D6: =D18+D30+D42+D54+D66+D78+D90+D102+D114+D126+D138+D150+D162+D174+D186 | E6: =E18+E30+E42+E54+E66+E78+E90+E102+E114+E126+E138+E150+E162+E174+E186 | F6: =D6+E6 | G6: =G18+G30+G42+G54+G66+G78+G90+G102+G114+G126+G138+G150+G162+G174+G186 | H6: =H18+H30+H42+H54+H66+H78+H90+H102+H114+H126+H138+H150+H162+H174+H186 | I6: =G6+H6 | J6: =D6+G6 | K6: =E6+H6 | L6: =J6+K6 | M6: =IF(C6=0,0,L6/C6*100)
A7: 3 | B7: 7126 | C7: 3420.48 | D7: =D19+D31+D43+D55+D67+D79+D91+D103+D115+D127+D139+D151+D163+D175+D187 | E7: =E19+E31+E43+E55+E67+E79+E91+E103+E115+E127+E139+E151+E163+E175+E187 | F7: =D7+E7 | G7: =G19+G31+G43+G55+G67+G79+G91+G103+G115+G127+G139+G151+G163+G175+G187 | H7: =H19+H31+H43+H55+H67+H79+H91+H103+H115+H127+H139+H151+H163+H175+H187 | I7: =G7+H7 | J7: =D7+G7 | K7: =E7+H7 | L7: =J7+K7 | M7: =IF(C7=0,0,L7/C7*100)
A8: 4 | B8: 4888 | C8: 2346.24 | D8: =D20+D32+D44+D56+D68+D80+D92+D104+D116+D128+D140+D152+D164+D176+D188 | E8: =E20+E32+E44+E56+E68+E80+E92+E104+E116+E128+E140+E152+E164+E176+E188 | F8: =D8+E8 | G8: =G20+G32+G44+G56+G68+G80+G92+G104+G116+G128+G140+G152+G164+G176+G188 | H8: =H20+H32+H44+H56+H68+H80+H92+H104+H116+H128+H140+H152+H164+H176+H188 | I8: =G8+H8 | J8: =D8+G8 | K8: =E8+H8 | L8: =J8+K8 | M8: =IF(C8=0,0,L8/C8*100)
A9: 5 | B9: 4300 | C9: 2064 | D9: =D21+D33+D45+D57+D69+D81+D93+D105+D117+D129+D141+D153+D165+D177+D189 | E9: =E21+E33+E45+E57+E69+E81+E93+E105+E117+E129+E141+E153+E165+E177+E189 | F9: =D9+E9 | G9: =G21+G33+G45+G57+G69+G81+G93+G105+G117+G129+G141+G153+G165+G177+G189 | H9: =H21+H33+H45+H57+H69+H81+H93+H105+H117+H129+H141+H153+H165+H177+H189 | I9: =G9+H9 | J9: =D9+G9 | K9: =E9+H9 | L9: =J9+K9 | M9: =IF(C9=0,0,L9/C9*100)
A10: 6 | B10: 5886 | C10: 2825.28 | D10: =D22+D34+D46+D58+D70+D82+D94+D106+D118+D130+D142+D154+D166+D178+D190 | E10: =E22+E34+E46+E58+E70+E82+E94+E106+E118+E130+E142+E154+E166+E178+E190 | F10: =D10+E10 | G10: =G22+G34+G46+G58+G70+G82+G94+G106+G118+G130+G142+G154+G166+G178+G190 | H10: =H22+H34+H46+H58+H70+H82+H94+H106+H118+H130+H142+H154+H166+H178+H190 | I10: =G10+H10 | J10: =D10+G10 | K10: =E10+H10 | L10: =J10+K10 | M10: =IF(C10=0,0,L10/C10*100)
A11: Total | B11: =SUM(B5:B10) | C11: =SUM(C5:C10) | D11: =SUM(D5:D10) | E11: =SUM(E5:E10) | F11: =D11+E11 | G11: =SUM(G5:G10) | H11: =SUM(H5:H10) | I11: =G11+H11 | J11: =D11+G11 | K11: =E11+H11 | L11: =J11+K11 | M11: =IF(C11=0,0,L11/C11*100)
A13: Day 1 - 2026-10-05 (Mon 19 Aswin 2083)
A14: Ward no. | B14: Total population | C14: JE target population | D14: Vaccinated | M14: Progress %
D15: Age 30-60 yrs | G15: Age 60 above | J15: Total | L15: Grand Total
D16: F | E16: M | F16: Total | G16: F | H16: M | I16: Total | J16: F | K16: M
A17: 1 | B17: =B5 | C17: =C5 | F17: =D17+E17 | I17: =G17+H17 | J17: =D17+G17 | K17: =E17+H17 | L17: =J17+K17 | M17: =IF(C17=0,0,L17/C17*100)
A18: 2 | B18: =B6 | C18: =C6 | F18: =D18+E18 | I18: =G18+H18 | J18: =D18+G18 | K18: =E18+H18 | L18: =J18+K18 | M18: =IF(C18=0,0,L18/C18*100)
A19: 3 | B19: =B7 | C19: =C7 | F19: =D19+E19 | I19: =G19+H19 | J19: =D19+G19 | K19: =E19+H19 | L19: =J19+K19 | M19: =IF(C19=0,0,L19/C19*100)
A20: 4 | B20: =B8 | C20: =C8 | F20: =D20+E20 | I20: =G20+H20 | J20: =D20+G20 | K20: =E20+H20 | L20: =J20+K20 | M20: =IF(C20=0,0,L20/C20*100)
A21: 5 | B21: =B9 | C21: =C9 | F21: =D21+E21 | I21: =G21+H21 | J21: =D21+G21 | K21: =E21+H21 | L21: =J21+K21 | M21: =IF(C21=0,0,L21/C21*100)
A22: 6 | B22: =B10 | C22: =C10 | F22: =D22+E22 | I22: =G22+H22 | J22: =D22+G22 | K22: =E22+H22 | L22: =J22+K22 | M22: =IF(C22=0,0,L22/C22*100)
A23: Total | B23: =SUM(B17:B22) | C23: =SUM(C17:C22) | D23: =SUM(D17:D22) | E23: =SUM(E17:E22) | F23: =D23+E23 | G23: =SUM(G17:G22) | H23: =SUM(H17:H22) | I23: =G23+H23 | J23: =D23+G23 | K23: =E23+H23 | L23: =J23+K23 | M23: =IF(C23=0,0,L23/C23*100)
A25: Day 2 - 2026-10-06 (Tue 20 Aswin 2083)
A26: Ward no. | B26: Total population | C26: JE target population | D26: Vaccinated | M26: Progress %
D27: Age 30-60 yrs | G27: Age 60 above | J27: Total | L27: Grand Total
D28: F | E28: M | F28: Total | G28: F | H28: M | I28: Total | J28: F | K28: M
A29: 1 | B29: =B5 | C29: =C5 | F29: =D29+E29 | I29: =G29+H29 | J29: =D29+G29 | K29: =E29+H29 | L29: =J29+K29 | M29: =IF(C29=0,0,L29/C29*100)
A30: 2 | B30: =B6 | C30: =C6 | F30: =D30+E30 | I30: =G30+H30 | J30: =D30+G30 | K30: =E30+H30 | L30: =J30+K30 | M30: =IF(C30=0,0,L30/C30*100)
A31: 3 | B31: =B7 | C31: =C7 | F31: =D31+E31 | I31: =G31+H31 | J31: =D31+G31 | K31: =E31+H31 | L31: =J31+K31 | M31: =IF(C31=0,0,L31/C31*100)
A32: 4 | B32: =B8 | C32: =C8 | F32: =D32+E32 | I32: =G32+H32 | J32: =D32+G32 | K32: =E32+H32 | L32: =J32+K32 | M32: =IF(C32=0,0,L32/C32*100)
A33: 5 | B33: =B9 | C33: =C9 | F33: =D33+E33 | I33: =G33+H33 | J33: =D33+G33 | K33: =E33+H33 | L33: =J33+K33 | M33: =IF(C33=0,0,L33/C33*100)
A34: 6 | B34: =B10 | C34: =C10 | F34: =D34+E34 | I34: =G34+H34 | J34: =D34+G34 | K34: =E34+H34 | L34: =J34+K34 | M34: =IF(C34=0,0,L34/C34*100)
A35: Total | B35: =SUM(B29:B34) | C35: =SUM(C29:C34) | D35: =SUM(D29:D34) | E35: =SUM(E29:E34) | F35: =D35+E35 | G35: =SUM(G29:G34) | H35: =SUM(H29:H34) | I35: =G35+H35 | J35: =D35+G35 | K35: =E35+H35 | L35: =J35+K35 | M35: =IF(C35=0,0,L35/C35*100)
A37: Day 3 - 2026-10-07 (Wed 21 Aswin 2083)
A38: Ward no. | B38: Total population | C38: JE target population | D38: Vaccinated | M38: Progress %
D39: Age 30-60 yrs | G39: Age 60 above | J39: Total | L39: Grand Total
D40: F | E40: M | F40: Total | G40: F | H40: M | I40: Total | J40: F | K40: M
A41: 1 | B41: =B5 | C41: =C5 | F41: =D41+E41 | I41: =G41+H41 | J41: =D41+G41 | K41: =E41+H41 | L41: =J41+K41 | M41: =IF(C41=0,0,L41/C41*100)
A42: 2 | B42: =B6 | C42: =C6 | F42: =D42+E42 | I42: =G42+H42 | J42: =D42+G42 | K42: =E42+H42 | L42: =J42+K42 | M42: =IF(C42=0,0,L42/C42*100)
A43: 3 | B43: =B7 | C43: =C7 | F43: =D43+E43 | I43: =G43+H43 | J43: =D43+G43 | K43: =E43+H43 | L43: =J43+K43 | M43: =IF(C43=0,0,L43/C43*100)
A44: 4 | B44: =B8 | C44: =C8 | F44: =D44+E44 | I44: =G44+H44 | J44: =D44+G44 | K44: =E44+H44 | L44: =J44+K44 | M44: =IF(C44=0,0,L44/C44*100)
A45: 5 | B45: =B9 | C45: =C9 | F45: =D45+E45 | I45: =G45+H45 | J45: =D45+G45 | K45: =E45+H45 | L45: =J45+K45 | M45: =IF(C45=0,0,L45/C45*100)
A46: 6 | B46: =B10 | C46: =C10 | F46: =D46+E46 | I46: =G46+H46 | J46: =D46+G46 | K46: =E46+H46 | L46: =J46+K46 | M46: =IF(C46=0,0,L46/C46*100)
A47: Total | B47: =SUM(B41:B46) | C47: =SUM(C41:C46) | D47: =SUM(D41:D46) | E47: =SUM(E41:E46) | F47: =D47+E47 | G47: =SUM(G41:G46) | H47: =SUM(H41:H46) | I47: =G47+H47 | J47: =D47+G47 | K47: =E47+H47 | L47: =J47+K47 | M47: =IF(C47=0,0,L47/C47*100)
A49: Day 4 - 2026-10-08 (Thu 22 Aswin 2083)
A50: Ward no. | B50: Total population | C50: JE target population | D50: Vaccinated | M50: Progress %
D51: Age 30-60 yrs | G51: Age 60 above | J51: Total | L51: Grand Total
D52: F | E52: M | F52: Total | G52: F | H52: M | I52: Total | J52: F | K52: M
A53: 1 | B53: =B5 | C53: =C5 | F53: =D53+E53 | I53: =G53+H53 | J53: =D53+G53 | K53: =E53+H53 | L53: =J53+K53 | M53: =IF(C53=0,0,L53/C53*100)
A54: 2 | B54: =B6 | C54: =C6 | F54: =D54+E54 | I54: =G54+H54 | J54: =D54+G54 | K54: =E54+H54 | L54: =J54+K54 | M54: =IF(C54=0,0,L54/C54*100)
A55: 3 | B55: =B7 | C55: =C7 | F55: =D55+E55 | I55: =G55+H55 | J55: =D55+G55 | K55: =E55+H55 | L55: =J55+K55 | M55: =IF(C55=0,0,L55/C55*100)
A56: 4 | B56: =B8 | C56: =C8 | F56: =D56+E56 | I56: =G56+H56 | J56: =D56+G56 | K56: =E56+H56 | L56: =J56+K56 | M56: =IF(C56=0,0,L56/C56*100)
A57: 5 | B57: =B9 | C57: =C9 | F57: =D57+E57 | I57: =G57+H57 | J57: =D57+G57 | K57: =E57+H57 | L57: =J57+K57 | M57: =IF(C57=0,0,L57/C57*100)
A58: 6 | B58: =B10 | C58: =C10 | F58: =D58+E58 | I58: =G58+H58 | J58: =D58+G58 | K58: =E58+H58 | L58: =J58+K58 | M58: =IF(C58=0,0,L58/C58*100)
A59: Total | B59: =SUM(B53:B58) | C59: =SUM(C53:C58) | D59: =SUM(D53:D58) | E59: =SUM(E53:E58) | F59: =D59+E59 | G59: =SUM(G53:G58) | H59: =SUM(H53:H58) | I59: =G59+H59 | J59: =D59+G59 | K59: =E59+H59 | L59: =J59+K59 | M59: =IF(C59=0,0,L59/C59*100)
A61: Day 5 - 2026-10-09 (Fri 23 Aswin 2083)
A62: Ward no. | B62: Total population | C62: JE target population | D62: Vaccinated | M62: Progress %
D63: Age 30-60 yrs | G63: Age 60 above | J63: Total | L63: Grand Total
D64: F | E64: M | F64: Total | G64: F | H64: M | I64: Total | J64: F | K64: M
A65: 1 | B65: =B5 | C65: =C5 | F65: =D65+E65 | I65: =G65+H65 | J65: =D65+G65 | K65: =E65+H65 | L65: =J65+K65 | M65: =IF(C65=0,0,L65/C65*100)
A66: 2 | B66: =B6 | C66: =C6 | F66: =D66+E66 | I66: =G66+H66 | J66: =D66+G66 | K66: =E66+H66 | L66: =J66+K66 | M66: =IF(C66=0,0,L66/C66*100)
A67: 3 | B67: =B7 | C67: =C7 | F67: =D67+E67 | I67: =G67+H67 | J67: =D67+G67 | K67: =E67+H67 | L67: =J67+K67 | M67: =IF(C67=0,0,L67/C67*100)
A68: 4 | B68: =B8 | C68: =C8 | F68: =D68+E68 | I68: =G68+H68 | J68: =D68+G68 | K68: =E68+H68 | L68: =J68+K68 | M68: =IF(C68=0,0,L68/C68*100)
A69: 5 | B69: =B9 | C69: =C9 | F69: =D69+E69 | I69: =G69+H69 | J69: =D69+G69 | K69: =E69+H69 | L69: =J69+K69 | M69: =IF(C69=0,0,L69/C69*100)
A70: 6 | B70: =B10 | C70: =C10 | F70: =D70+E70 | I70: =G70+H70 | J70: =D70+G70 | K70: =E70+H70 | L70: =J70+K70 | M70: =IF(C70=0,0,L70/C70*100)
A71: Total | B71: =SUM(B65:B70) | C71: =SUM(C65:C70) | D71: =SUM(D65:D70) | E71: =SUM(E65:E70) | F71: =D71+E71 | G71: =SUM(G65:G70) | H71: =SUM(H65:H70) | I71: =G71+H71 | J71: =D71+G71 | K71: =E71+H71 | L71: =J71+K71 | M71: =IF(C71=0,0,L71/C71*100)
A73: Day 6 - 2026-10-10 (Sat 24 Aswin 2083)
A74: Ward no. | B74: Total population | C74: JE target population | D74: Vaccinated | M74: Progress %
D75: Age 30-60 yrs | G75: Age 60 above | J75: Total | L75: Grand Total
D76: F | E76: M | F76: Total | G76: F | H76: M | I76: Total | J76: F | K76: M
A77: 1 | B77: =B5 | C77: =C5 | F77: =D77+E77 | I77: =G77+H77 | J77: =D77+G77 | K77: =E77+H77 | L77: =J77+K77 | M77: =IF(C77=0,0,L77/C77*100)
A78: 2 | B78: =B6 | C78: =C6 | F78: =D78+E78 | I78: =G78+H78 | J78: =D78+G78 | K78: =E78+H78 | L78: =J78+K78 | M78: =IF(C78=0,0,L78/C78*100)
A79: 3 | B79: =B7 | C79: =C7 | F79: =D79+E79 | I79: =G79+H79 | J79: =D79+G79 | K79: =E79+H79 | L79: =J79+K79 | M79: =IF(C79=0,0,L79/C79*100)
A80: 4 | B80: =B8 | C80: =C8 | F80: =D80+E80 | I80: =G80+H80 | J80: =D80+G80 | K80: =E80+H80 | L80: =J80+K80 | M80: =IF(C80=0,0,L80/C80*100)
A81: 5 | B81: =B9 | C81: =C9 | F81: =D81+E81 | I81: =G81+H81 | J81: =D81+G81 | K81: =E81+H81 | L81: =J81+K81 | M81: =IF(C81=0,0,L81/C81*100)
A82: 6 | B82: =B10 | C82: =C10 | F82: =D82+E82 | I82: =G82+H82 | J82: =D82+G82 | K82: =E82+H82 | L82: =J82+K82 | M82: =IF(C82=0,0,L82/C82*100)
A83: Total | B83: =SUM(B77:B82) | C83: =SUM(C77:C82) | D83: =SUM(D77:D82) | E83: =SUM(E77:E82) | F83: =D83+E83 | G83: =SUM(G77:G82) | H83: =SUM(H77:H82) | I83: =G83+H83 | J83: =D83+G83 | K83: =E83+H83 | L83: =J83+K83 | M83: =IF(C83=0,0,L83/C83*100)
A85: Day 7 - 2026-10-11 (Sun 25 Aswin 2083)
A86: Ward no. | B86: Total population | C86: JE target population | D86: Vaccinated | M86: Progress %
D87: Age 30-60 yrs | G87: Age 60 above | J87: Total | L87: Grand Total
D88: F | E88: M | F88: Total | G88: F | H88: M | I88: Total | J88: F | K88: M
A89: 1 | B89: =B5 | C89: =C5 | F89: =D89+E89 | I89: =G89+H89 | J89: =D89+G89 | K89: =E89+H89 | L89: =J89+K89 | M89: =IF(C89=0,0,L89/C89*100)
A90: 2 | B90: =B6 | C90: =C6 | F90: =D90+E90 | I90: =G90+H90 | J90: =D90+G90 | K90: =E90+H90 | L90: =J90+K90 | M90: =IF(C90=0,0,L90/C90*100)
A91: 3 | B91: =B7 | C91: =C7 | F91: =D91+E91 | I91: =G91+H91 | J91: =D91+G91 | K91: =E91+H91 | L91: =J91+K91 | M91: =IF(C91=0,0,L91/C91*100)
A92: 4 | B92: =B8 | C92: =C8 | F92: =D92+E92 | I92: =G92+H92 | J92: =D92+G92 | K92: =E92+H92 | L92: =J92+K92 | M92: =IF(C92=0,0,L92/C92*100)
A93: 5 | B93: =B9 | C93: =C9 | F93: =D93+E93 | I93: =G93+H93 | J93: =D93+G93 | K93: =E93+H93 | L93: =J93+K93 | M93: =IF(C93=0,0,L93/C93*100)
A94: 6 | B94: =B10 | C94: =C10 | F94: =D94+E94 | I94: =G94+H94 | J94: =D94+G94 | K94: =E94+H94 | L94: =J94+K94 | M94: =IF(C94=0,0,L94/C94*100)
A95: Total | B95: =SUM(B89:B94) | C95: =SUM(C89:C94) | D95: =SUM(D89:D94) | E95: =SUM(E89:E94) | F95: =D95+E95 | G95: =SUM(G89:G94) | H95: =SUM(H89:H94) | I95: =G95+H95 | J95: =D95+G95 | K95: =E95+H95 | L95: =J95+K95 | M95: =IF(C95=0,0,L95/C95*100)
A97: Day 8 - 2026-10-12 (Mon 26 Aswin 2083)
A98: Ward no. | B98: Total population | C98: JE target population | D98: Vaccinated | M98: Progress %
D99: Age 30-60 yrs | G99: Age 60 above | J99: Total | L99: Grand Total
D100: F | E100: M | F100: Total | G100: F | H100: M | I100: Total | J100: F | K100: M
A101: 1 | B101: =B5 | C101: =C5 | F101: =D101+E101 | I101: =G101+H101 | J101: =D101+G101 | K101: =E101+H101 | L101: =J101+K101 | M101: =IF(C101=0,0,L101/C101*100)
A102: 2 | B102: =B6 | C102: =C6 | F102: =D102+E102 | I102: =G102+H102 | J102: =D102+G102 | K102: =E102+H102 | L102: =J102+K102 | M102: =IF(C102=0,0,L102/C102*100)
A103: 3 | B103: =B7 | C103: =C7 | F103: =D103+E103 | I103: =G103+H103 | J103: =D103+G103 | K103: =E103+H103 | L103: =J103+K103 | M103: =IF(C103=0,0,L103/C103*100)
A104: 4 | B104: =B8 | C104: =C8 | F104: =D104+E104 | I104: =G104+H104 | J104: =D104+G104 | K104: =E104+H104 | L104: =J104+K104 | M104: =IF(C104=0,0,L104/C104*100)
A105: 5 | B105: =B9 | C105: =C9 | F105: =D105+E105 | I105: =G105+H105 | J105: =D105+G105 | K105: =E105+H105 | L105: =J105+K105 | M105: =IF(C105=0,0,L105/C105*100)
A106: 6 | B106: =B10 | C106: =C10 | F106: =D106+E106 | I106: =G106+H106 | J106: =D106+G106 | K106: =E106+H106 | L106: =J106+K106 | M106: =IF(C106=0,0,L106/C106*100)
A107: Total | B107: =SUM(B101:B106) | C107: =SUM(C101:C106) | D107: =SUM(D101:D106) | E107: =SUM(E101:E106) | F107: =D107+E107 | G107: =SUM(G101:G106) | H107: =SUM(H101:H106) | I107: =G107+H107 | J107: =D107+G107 | K107: =E107+H107 | L107: =J107+K107 | M107: =IF(C107=0,0,L107/C107*100)
A109: Day 9 - 2026-10-13 (Tue 27 Aswin 2083)
...

Sheet Jhapa Gaunpalika
A1: Jhapa Gaunpalika - Campaign Total (5-19 Oct 2026)
A2: Ward no. | B2: Total population | C2: JE target population | D2: Vaccinated | M2: Progress %
D3: Age 30-60 yrs | G3: Age 60 above | J3: Total | L3: Grand Total
D4: F | E4: M | F4: Total | G4: F | H4: M | I4: Total | J4: F | K4: M
A5: 1 | B5: 5005 | C5: 2402.4 | D5: =D18+D31+D44+D57+D70+D83+D96+D109+D122+D135+D148+D161+D174+D187+D200 | E5: =E18+E31+E44+E57+E70+E83+E96+E109+E122+E135+E148+E161+E174+E187+E200 | F5: =D5+E5 | G5: =G18+G31+G44+G57+G70+G83+G96+G109+G122+G135+G148+G161+G174+G187+G200 | H5: =H18+H31+H44+H57+H70+H83+H96+H109+H122+H135+H148+H161+H174+H187+H200 | I5: =G5+H5 | J5: =D5+G5 | K5: =E5+H5 | L5: =J5+K5 | M5: =IF(C5=0,0,L5/C5*100)
A6: 2 | B6: 5231 | C6: 2510.88 | D6: =D19+D32+D45+D58+D71+D84+D97+D110+D123+D136+D149+D162+D175+D188+D201 | E6: =E19+E32+E45+E58+E71+E84+E97+E110+E123+E136+E149+E162+E175+E188+E201 | F6: =D6+E6 | G6: =G19+G32+G45+G58+G71+G84+G97+G110+G123+G136+G149+G162+G175+G188+G201 | H6: =H19+H32+H45+H58+H71+H84+H97+H110+H123+H136+H149+H162+H175+H188+H201 | I6: =G6+H6 | J6: =D6+G6 | K6: =E6+H6 | L6: =J6+K6 | M6: =IF(C6=0,0,L6/C6*100)
A7: 3 | B7: 6386 | C7: 3065.28 | D7: =D20+D33+D46+D59+D72+D85+D98+D111+D124+D137+D150+D163+D176+D189+D202 | E7: =E20+E33+E46+E59+E72+E85+E98+E111+E124+E137+E150+E163+E176+E189+E202 | F7: =D7+E7 | G7: =G20+G33+G46+G59+G72+G85+G98+G111+G124+G137+G150+G163+G176+G189+G202 | H7: =H20+H33+H46+H59+H72+H85+H98+H111+H124+H137+H150+H163+H176+H189+H202 | I7: =G7+H7 | J7: =D7+G7 | K7: =E7+H7 | L7: =J7+K7 | M7: =IF(C7=0,0,L7/C7*100)
A8: 4 | B8: 6392 | C8: 3068.16 | D8: =D21+D34+D47+D60+D73+D86+D99+D112+D125+D138+D151+D164+D177+D190+D203 | E8: =E21+E34+E47+E60+E73+E86+E99+E112+E125+E138+E151+E164+E177+E190+E203 | F8: =D8+E8 | G8: =G21+G34+G47+G60+G73+G86+G99+G112+G125+G138+G151+G164+G177+G190+G203 | H8: =H21+H34+H47+H60+H73+H86+H99+H112+H125+H138+H151+H164+H177+H190+H203 | I8: =G8+H8 | J8: =D8+G8 | K8: =E8+H8 | L8: =J8+K8 | M8: =IF(C8=0,0,L8/C8*100)
A9: 5 | B9: 6200 | C9: 2976 | D9: =D22+D35+D48+D61+D74+D87+D100+D113+D126+D139+D152+D165+D178+D191+D204 | E9: =E22+E35+E48+E61+E74+E87+E100+E113+E126+E139+E152+E165+E178+E191+E204 | F9: =D9+E9 | G9: =G22+G35+G48+G61+G74+G87+G100+G113+G126+G139+G152+G165+G178+G191+G204 | H9: =H22+H35+H48+H61+H74+H87+H100+H113+H126+H139+H152+H165+H178+H191+H204 | I9: =G9+H9 | J9: =D9+G9 | K9: =E9+H9 | L9: =J9+K9 | M9: =IF(C9=0,0,L9/C9*100)
A10: 6 | B10: 5766 | C10: 2767.68 | D10: =D23+D36+D49+D62+D75+D88+D101+D114+D127+D140+D153+D166+D179+D192+D205 | E10: =E23+E36+E49+E62+E75+E88+E101+E114+E127+E140+E153+E166+E179+E192+E205 | F10: =D10+E10 | G10: =G23+G36+G49+G62+G75+G88+G101+G114+G127+G140+G153+G166+G179+G192+G205 | H10: =H23+H36+H49+H62+H75+H88+H101+H114+H127+H140+H153+H166+H179+H192+H205 | I10: =G10+H10 | J10: =D10+G10 | K10: =E10+H10 | L10: =J10+K10 | M10: =IF(C10=0,0,L10/C10*100)
A11: 7 | B11: 4718 | C11: 2264.64 | D11: =D24+D37+D50+D63+D76+D89+D102+D115+D128+D141+D154+D167+D180+D193+D206 | E11: =E24+E37+E50+E63+E76+E89+E102+E115+E128+E141+E154+E167+E180+E193+E206 | F11: =D11+E11 | G11: =G24+G37+G50+G63+G76+G89+G102+G115+G128+G141+G154+G167+G180+G193+G206 | H11: =H24+H37+H50+H63+H76+H89+H102+H115+H128+H141+H154+H167+H180+H193+H206 | I11: =G11+H11 | J11: =D11+G11 | K11: =E11+H11 | L11: =J11+K11 | M11: =IF(C11=0,0,L11/C11*100)
A12: Total | B12: =SUM(B5:B11) | C12: =SUM(C5:C11) | D12: =SUM(D5:D11) | E12: =SUM(E5:E11) | F12: =D12+E12 | G12: =SUM(G5:G11) | H12: =SUM(H5:H11) | I12: =G12+H12 | J12: =D12+G12 | K12: =E12+H12 | L12: =J12+K12 | M12: =IF(C12=0,0,L12/C12*100)
A14: Day 1 - 2026-10-05 (Mon 19 Aswin 2083)
A15: Ward no. | B15: Total population | C15: JE target population | D15: Vaccinated | M15: Progress %
D16: Age 30-60 yrs | G16: Age 60 above | J16: Total | L16: Grand Total
D17: F | E17: M | F17: Total | G17: F | H17: M | I17: Total | J17: F | K17: M
A18: 1 | B18: =B5 | C18: =C5 | F18: =D18+E18 | I18: =G18+H18 | J18: =D18+G18 | K18: =E18+H18 | L18: =J18+K18 | M18: =IF(C18=0,0,L18/C18*100)
A19: 2 | B19: =B6 | C19: =C6 | F19: =D19+E19 | I19: =G19+H19 | J19: =D19+G19 | K19: =E19+H19 | L19: =J19+K19 | M19: =IF(C19=0,0,L19/C19*100)
A20: 3 | B20: =B7 | C20: =C7 | F20: =D20+E20 | I20: =G20+H20 | J20: =D20+G20 | K20: =E20+H20 | L20: =J20+K20 | M20: =IF(C20=0,0,L20/C20*100)
A21: 4 | B21: =B8 | C21: =C8 | F21: =D21+E21 | I21: =G21+H21 | J21: =D21+G21 | K21: =E21+H21 | L21: =J21+K21 | M21: =IF(C21=0,0,L21/C21*100)
A22: 5 | B22: =B9 | C22: =C9 | F22: =D22+E22 | I22: =G22+H22 | J22: =D22+G22 | K22: =E22+H22 | L22: =J22+K22 | M22: =IF(C22=0,0,L22/C22*100)
A23: 6 | B23: =B10 | C23: =C10 | F23: =D23+E23 | I23: =G23+H23 | J23: =D23+G23 | K23: =E23+H23 | L23: =J23+K23 | M23: =IF(C23=0,0,L23/C23*100)
A24: 7 | B24: =B11 | C24: =C11 | F24: =D24+E24 | I24: =G24+H24 | J24: =D24+G24 | K24: =E24+H24 | L24: =J24+K24 | M24: =IF(C24=0,0,L24/C24*100)
A25: Total | B25: =SUM(B18:B24) | C25: =SUM(C18:C24) | D25: =SUM(D18:D24) | E25: =SUM(E18:E24) | F25: =D25+E25 | G25: =SUM(G18:G24) | H25: =SUM(H18:H24) | I25: =G25+H25 | J25: =D25+G25 | K25: =E25+H25 | L25: =J25+K25 | M25: =IF(C25=0,0,L25/C25*100)
A27: Day 2 - 2026-10-06 (Tue 20 Aswin 2083)
A28: Ward no. | B28: Total population | C28: JE target population | D28: Vaccinated | M28: Progress %
D29: Age 30-60 yrs | G29: Age 60 above | J29: Total | L29: Grand Total
D30: F | E30: M | F30: Total | G30: F | H30: M | I30: Total | J30: F | K30: M
A31: 1 | B31: =B5 | C31: =C5 | F31: =D31+E31 | I31: =G31+H31 | J31: =D31+G31 | K31: =E31+H31 | L31: =J31+K31 | M31: =IF(C31=0,0,L31/C31*100)
A32: 2 | B32: =B6 | C32: =C6 | F32: =D32+E32 | I32: =G32+H32 | J32: =D32+G32 | K32: =E32+H32 | L32: =J32+K32 | M32: =IF(C32=0,0,L32/C32*100)
A33: 3 | B33: =B7 | C33: =C7 | F33: =D33+E33 | I33: =G33+H33 | J33: =D33+G33 | K33: =E33+H33 | L33: =J33+K33 | M33: =IF(C33=0,0,L33/C33*100)
A34: 4 | B34: =B8 | C34: =C8 | F34: =D34+E34 | I34: =G34+H34 | J34: =D34+G34 | K34: =E34+H34 | L34: =J34+K34 | M34: =IF(C34=0,0,L34/C34*100)
A35: 5 | B35: =B9 | C35: =C9 | F35: =D35+E35 | I35: =G35+H35 | J35: =D35+G35 | K35: =E35+H35 | L35: =J35+K35 | M35: =IF(C35=0,0,L35/C35*100)
A36: 6 | B36: =B10 | C36: =C10 | F36: =D36+E36 | I36: =G36+H36 | J36: =D36+G36 | K36: =E36+H36 | L36: =J36+K36 | M36: =IF(C36=0,0,L36/C36*100)
A37: 7 | B37: =B11 | C37: =C11 | F37: =D37+E37 | I37: =G37+H37 | J37: =D37+G37 | K37: =E37+H37 | L37: =J37+K37 | M37: =IF(C37=0,0,L37/C37*100)
A38: Total | B38: =SUM(B31:B37) | C38: =SUM(C31:C37) | D38: =SUM(D31:D37) | E38: =SUM(E31:E37) | F38: =D38+E38 | G38: =SUM(G31:G37) | H38: =SUM(H31:H37) | I38: =G38+H38 | J38: =D38+G38 | K38: =E38+H38 | L38: =J38+K38 | M38: =IF(C38=0,0,L38/C38*100)
A40: Day 3 - 2026-10-07 (Wed 21 Aswin 2083)
A41: Ward no. | B41: Total population | C41: JE target population | D41: Vaccinated | M41: Progress %
D42: Age 30-60 yrs | G42: Age 60 above | J42: Total | L42: Grand Total
D43: F | E43: M | F43: Total | G43: F | H43: M | I43: Total | J43: F | K43: M
A44: 1 | B44: =B5 | C44: =C5 | F44: =D44+E44 | I44: =G44+H44 | J44: =D44+G44 | K44: =E44+H44 | L44: =J44+K44 | M44: =IF(C44=0,0,L44/C44*100)
A45: 2 | B45: =B6 | C45: =C6 | F45: =D45+E45 | I45: =G45+H45 | J45: =D45+G45 | K45: =E45+H45 | L45: =J45+K45 | M45: =IF(C45=0,0,L45/C45*100)
A46: 3 | B46: =B7 | C46: =C7 | F46: =D46+E46 | I46: =G46+H46 | J46: =D46+G46 | K46: =E46+H46 | L46: =J46+K46 | M46: =IF(C46=0,0,L46/C46*100)
A47: 4 | B47: =B8 | C47: =C8 | F47: =D47+E47 | I47: =G47+H47 | J47: =D47+G47 | K47: =E47+H47 | L47: =J47+K47 | M47: =IF(C47=0,0,L47/C47*100)
A48: 5 | B48: =B9 | C48: =C9 | F48: =D48+E48 | I48: =G48+H48 | J48: =D48+G48 | K48: =E48+H48 | L48: =J48+K48 | M48: =IF(C48=0,0,L48/C48*100)
A49: 6 | B49: =B10 | C49: =C10 | F49: =D49+E49 | I49: =G49+H49 | J49: =D49+G49 | K49: =E49+H49 | L49: =J49+K49 | M49: =IF(C49=0,0,L49/C49*100)
A50: 7 | B50: =B11 | C50: =C11 | F50: =D50+E50 | I50: =G50+H50 | J50: =D50+G50 | K50: =E50+H50 | L50: =J50+K50 | M50: =IF(C50=0,0,L50/C50*100)
A51: Total | B51: =SUM(B44:B50) | C51: =SUM(C44:C50) | D51: =SUM(D44:D50) | E51: =SUM(E44:E50) | F51: =D51+E51 | G51: =SUM(G44:G50) | H51: =SUM(H44:H50) | I51: =G51+H51 | J51: =D51+G51 | K51: =E51+H51 | L51: =J51+K51 | M51: =IF(C51=0,0,L51/C51*100)
A53: Day 4 - 2026-10-08 (Thu 22 Aswin 2083)
A54: Ward no. | B54: Total population | C54: JE target population | D54: Vaccinated | M54: Progress %
D55: Age 30-60 yrs | G55: Age 60 above | J55: Total | L55: Grand Total
D56: F | E56: M | F56: Total | G56: F | H56: M | I56: Total | J56: F | K56: M
A57: 1 | B57: =B5 | C57: =C5 | F57: =D57+E57 | I57: =G57+H57 | J57: =D57+G57 | K57: =E57+H57 | L57: =J57+K57 | M57: =IF(C57=0,0,L57/C57*100)
A58: 2 | B58: =B6 | C58: =C6 | F58: =D58+E58 | I58: =G58+H58 | J58: =D58+G58 | K58: =E58+H58 | L58: =J58+K58 | M58: =IF(C58=0,0,L58/C58*100)
A59: 3 | B59: =B7 | C59: =C7 | F59: =D59+E59 | I59: =G59+H59 | J59: =D59+G59 | K59: =E59+H59 | L59: =J59+K59 | M59: =IF(C59=0,0,L59/C59*100)
A60: 4 | B60: =B8 | C60: =C8 | F60: =D60+E60 | I60: =G60+H60 | J60: =D60+G60 | K60: =E60+H60 | L60: =J60+K60 | M60: =IF(C60=0,0,L60/C60*100)
A61: 5 | B61: =B9 | C61: =C9 | F61: =D61+E61 | I61: =G61+H61 | J61: =D61+G61 | K61: =E61+H61 | L61: =J61+K61 | M61: =IF(C61=0,0,L61/C61*100)
A62: 6 | B62: =B10 | C62: =C10 | F62: =D62+E62 | I62: =G62+H62 | J62: =D62+G62 | K62: =E62+H62 | L62: =J62+K62 | M62: =IF(C62=0,0,L62/C62*100)
A63: 7 | B63: =B11 | C63: =C11 | F63: =D63+E63 | I63: =G63+H63 | J63: =D63+G63 | K63: =E63+H63 | L63: =J63+K63 | M63: =IF(C63=0,0,L63/C63*100)
A64: Total | B64: =SUM(B57:B63) | C64: =SUM(C57:C63) | D64: =SUM(D57:D63) | E64: =SUM(E57:E63) | F64: =D64+E64 | G64: =SUM(G57:G63) | H64: =SUM(H57:H63) | I64: =G64+H64 | J64: =D64+G64 | K64: =E64+H64 | L64: =J64+K64 | M64: =IF(C64=0,0,L64/C64*100)
A66: Day 5 - 2026-10-09 (Fri 23 Aswin 2083)
A67: Ward no. | B67: Total population | C67: JE target population | D67: Vaccinated | M67: Progress %
D68: Age 30-60 yrs | G68: Age 60 above | J68: Total | L68: Grand Total
D69: F | E69: M | F69: Total | G69: F | H69: M | I69: Total | J69: F | K69: M
A70: 1 | B70: =B5 | C70: =C5 | F70: =D70+E70 | I70: =G70+H70 | J70: =D70+G70 | K70: =E70+H70 | L70: =J70+K70 | M70: =IF(C70=0,0,L70/C70*100)
A71: 2 | B71: =B6 | C71: =C6 | F71: =D71+E71 | I71: =G71+H71 | J71: =D71+G71 | K71: =E71+H71 | L71: =J71+K71 | M71: =IF(C71=0,0,L71/C71*100)
A72: 3 | B72: =B7 | C72: =C7 | F72: =D72+E72 | I72: =G72+H72 | J72: =D72+G72 | K72: =E72+H72 | L72: =J72+K72 | M72: =IF(C72=0,0,L72/C72*100)
A73: 4 | B73: =B8 | C73: =C8 | F73: =D73+E73 | I73: =G73+H73 | J73: =D73+G73 | K73: =E73+H73 | L73: =J73+K73 | M73: =IF(C73=0,0,L73/C73*100)
A74: 5 | B74: =B9 | C74: =C9 | F74: =D74+E74 | I74: =G74+H74 | J74: =D74+G74 | K74: =E74+H74 | L74: =J74+K74 | M74: =IF(C74=0,0,L74/C74*100)
A75: 6 | B75: =B10 | C75: =C10 | F75: =D75+E75 | I75: =G75+H75 | J75: =D75+G75 | K75: =E75+H75 | L75: =J75+K75 | M75: =IF(C75=0,0,L75/C75*100)
A76: 7 | B76: =B11 | C76: =C11 | F76: =D76+E76 | I76: =G76+H76 | J76: =D76+G76 | K76: =E76+H76 | L76: =J76+K76 | M76: =IF(C76=0,0,L76/C76*100)
A77: Total | B77: =SUM(B70:B76) | C77: =SUM(C70:C76) | D77: =SUM(D70:D76) | E77: =SUM(E70:E76) | F77: =D77+E77 | G77: =SUM(G70:G76) | H77: =SUM(H70:H76) | I77: =G77+H77 | J77: =D77+G77 | K77: =E77+H77 | L77: =J77+K77 | M77: =IF(C77=0,0,L77/C77*100)
A79: Day 6 - 2026-10-10 (Sat 24 Aswin 2083)
A80: Ward no. | B80: Total population | C80: JE target population | D80: Vaccinated | M80: Progress %
D81: Age 30-60 yrs | G81: Age 60 above | J81: Total | L81: Grand Total
D82: F | E82: M | F82: Total | G82: F | H82: M | I82: Total | J82: F | K82: M
A83: 1 | B83: =B5 | C83: =C5 | F83: =D83+E83 | I83: =G83+H83 | J83: =D83+G83 | K83: =E83+H83 | L83: =J83+K83 | M83: =IF(C83=0,0,L83/C83*100)
A84: 2 | B84: =B6 | C84: =C6 | F84: =D84+E84 | I84: =G84+H84 | J84: =D84+G84 | K84: =E84+H84 | L84: =J84+K84 | M84: =IF(C84=0,0,L84/C84*100)
A85: 3 | B85: =B7 | C85: =C7 | F85: =D85+E85 | I85: =G85+H85 | J85: =D85+G85 | K85: =E85+H85 | L85: =J85+K85 | M85: =IF(C85=0,0,L85/C85*100)
A86: 4 | B86: =B8 | C86: =C8 | F86: =D86+E86 | I86: =G86+H86 | J86: =D86+G86 | K86: =E86+H86 | L86: =J86+K86 | M86: =IF(C86=0,0,L86/C86*100)
A87: 5 | B87: =B9 | C87: =C9 | F87: =D87+E87 | I87: =G87+H87 | J87: =D87+G87 | K87: =E87+H87 | L87: =J87+K87 | M87: =IF(C87=0,0,L87/C87*100)
A88: 6 | B88: =B10 | C88: =C10 | F88: =D88+E88 | I88: =G88+H88 | J88: =D88+G88 | K88: =E88+H88 | L88: =J88+K88 | M88: =IF(C88=0,0,L88/C88*100)
A89: 7 | B89: =B11 | C89: =C11 | F89: =D89+E89 | I89: =G89+H89 | J89: =D89+G89 | K89: =E89+H89 | L89: =J89+K89 | M89: =IF(C89=0,0,L89/C89*100)
A90: Total | B90: =SUM(B83:B89) | C90: =SUM(C83:C89) | D90: =SUM(D83:D89) | E90: =SUM(E83:E89) | F90: =D90+E90 | G90: =SUM(G83:G89) | H90: =SUM(H83:H89) | I90: =G90+H90 | J90: =D90+G90 | K90: =E90+H90 | L90: =J90+K90 | M90: =IF(C90=0,0,L90/C90*100)
A92: Day 7 - 2026-10-11 (Sun 25 Aswin 2083)
A93: Ward no. | B93: Total population | C93: JE target population | D93: Vaccinated | M93: Progress %
D94: Age 30-60 yrs | G94: Age 60 above | J94: Total | L94: Grand Total
D95: F | E95: M | F95: Total | G95: F | H95: M | I95: Total | J95: F | K95: M
A96: 1 | B96: =B5 | C96: =C5 | F96: =D96+E96 | I96: =G96+H96 | J96: =D96+G96 | K96: =E96+H96 | L96: =J96+K96 | M96: =IF(C96=0,0,L96/C96*100)
A97: 2 | B97: =B6 | C97: =C6 | F97: =D97+E97 | I97: =G97+H97 | J97: =D97+G97 | K97: =E97+H97 | L97: =J97+K97 | M97: =IF(C97=0,0,L97/C97*100)
A98: 3 | B98: =B7 | C98: =C7 | F98: =D98+E98 | I98: =G98+H98 | J98: =D98+G98 | K98: =E98+H98 | L98: =J98+K98 | M98: =IF(C98=0,0,L98/C98*100)
A99: 4 | B99: =B8 | C99: =C8 | F99: =D99+E99 | I99: =G99+H99 | J99: =D99+G99 | K99: =E99+H99 | L99: =J99+K99 | M99: =IF(C99=0,0,L99/C99*100)
A100: 5 | B100: =B9 | C100: =C9 | F100: =D100+E100 | I100: =G100+H100 | J100: =D100+G100 | K100: =E100+H100 | L100: =J100+K100 | M100: =IF(C100=0,0,L100/C100*100)
A101: 6 | B101: =B10 | C101: =C10 | F101: =D101+E101 | I101: =G101+H101 | J101: =D101+G101 | K101: =E101+H101 | L101: =J101+K101 | M101: =IF(C101=0,0,L101/C101*100)
A102: 7 | B102: =B11 | C102: =C11 | F102: =D102+E102 | I102: =G102+H102 | J102: =D102+G102 | K102: =E102+H102 | L102: =J102+K102 | M102: =IF(C102=0,0,L102/C102*100)
A103: Total | B103: =SUM(B96:B102) | C103: =SUM(C96:C102) | D103: =SUM(D96:D102) | E103: =SUM(E96:E102) | F103: =D103+E103 | G103: =SUM(G96:G102) | H103: =SUM(H96:H102) | I103: =G103+H103 | J103: =D103+G103 | K103: =E103+H103 | L103: =J103+K103 | M103: =IF(C103=0,0,L103/C103*100)
A105: Day 8 - 2026-10-12 (Mon 26 Aswin 2083)
A106: Ward no. | B106: Total population | C106: JE target population | D106: Vaccinated | M106: Progress %
D107: Age 30-60 yrs | G107: Age 60 above | J107: Total | L107: Grand Total
D108: F | E108: M | F108: Total | G108: F | H108: M | I108: Total | J108: F | K108: M
...

Sheet Barhadashi Gaunpalika
A1: Barhadashi Gaunpalika - Campaign Total (5-19 Oct 2026)
A2: Ward no. | B2: Total population | C2: JE target population | D2: Vaccinated | M2: Progress %
D3: Age 30-60 yrs | G3: Age 60 above | J3: Total | L3: Grand Total
D4: F | E4: M | F4: Total | G4: F | H4: M | I4: Total | J4: F | K4: M
A5: 1 | B5: 4582 | C5: 2199.36 | D5: =D18+D31+D44+D57+D70+D83+D96+D109+D122+D135+D148+D161+D174+D187+D200 | E5: =E18+E31+E44+E57+E70+E83+E96+E109+E122+E135+E148+E161+E174+E187+E200 | F5: =D5+E5 | G5: =G18+G31+G44+G57+G70+G83+G96+G109+G122+G135+G148+G161+G174+G187+G200 | H5: =H18+H31+H44+H57+H70+H83+H96+H109+H122+H135+H148+H161+H174+H187+H200 | I5: =G5+H5 | J5: =D5+G5 | K5: =E5+H5 | L5: =J5+K5 | M5: =IF(C5=0,0,L5/C5*100)
A6: 2 | B6: 6302 | C6: 3024.96 | D6: =D19+D32+D45+D58+D71+D84+D97+D110+D123+D136+D149+D162+D175+D188+D201 | E6: =E19+E32+E45+E58+E71+E84+E97+E110+E123+E136+E149+E162+E175+E188+E201 | F6: =D6+E6 | G6: =G19+G32+G45+G58+G71+G84+G97+G110+G123+G136+G149+G162+G175+G188+G201 | H6: =H19+H32+H45+H58+H71+H84+H97+H110+H123+H136+H149+H162+H175+H188+H201 | I6: =G6+H6 | J6: =D6+G6 | K6: =E6+H6 | L6: =J6+K6 | M6: =IF(C6=0,0,L6/C6*100)
A7: 3 | B7: 6775 | C7: 3252 | D7: =D20+D33+D46+D59+D72+D85+D98+D111+D124+D137+D150+D163+D176+D189+D202 | E7: =E20+E33+E46+E59+E72+E85+E98+E111+E124+E137+E150+E163+E176+E189+E202 | F7: =D7+E7 | G7: =G20+G33+G46+G59+G72+G85+G98+G111+G124+G137+G150+G163+G176+G189+G202 | H7: =H20+H33+H46+H59+H72+H85+H98+H111+H124+H137+H150+H163+H176+H189+H202 | I7: =G7+H7 | J7: =D7+G7 | K7: =E7+H7 | L7: =J7+K7 | M7: =IF(C7=0,0,L7/C7*100)
A8: 4 | B8: 4524 | C8: 2171.52 | D8: =D21+D34+D47+D60+D73+D86+D99+D112+D125+D138+D151+D164+D177+D190+D203 | E8: =E21+E34+E47+E60+E73+E86+E99+E112+E125+E138+E151+E164+E177+E190+E203 | F8: =D8+E8 | G8: =G21+G34+G47+G60+G73+G86+G99+G112+G125+G138+G151+G164+G177+G190+G203 | H8: =H21+H34+H47+H60+H73+H86+H99+H112+H125+H138+H151+H164+H177+H190+H203 | I8: =G8+H8 | J8: =D8+G8 | K8: =E8+H8 | L8: =J8+K8 | M8: =IF(C8=0,0,L8/C8*100)
A9: 5 | B9: 7332 | C9: 3519.36 | D9: =D22+D35+D48+D61+D74+D87+D100+D113+D126+D139+D152+D165+D178+D191+D204 | E9: =E22+E35+E48+E61+E74+E87+E100+E113+E126+E139+E152+E165+E178+E191+E204 | F9: =D9+E9 | G9: =G22+G35+G48+G61+G74+G87+G100+G113+G126+G139+G152+G165+G178+G191+G204 | H9: =H22+H35+H48+H61+H74+H87+H100+H113+H126+H139+H152+H165+H178+H191+H204 | I9: =G9+H9 | J9: =D9+G9 | K9: =E9+H9 | L9: =J9+K9 | M9: =IF(C9=0,0,L9/C9*100)
A10: 6 | B10: 5370 | C10: 2577.6 | D10: =D23+D36+D49+D62+D75+D88+D101+D114+D127+D140+D153+D166+D179+D192+D205 | E10: =E23+E36+E49+E62+E75+E88+E101+E114+E127+E140+E153+E166+E179+E192+E205 | F10: =D10+E10 | G10: =G23+G36+G49+G62+G75+G88+G101+G114+G127+G140+G153+G166+G179+G192+G205 | H10: =H23+H36+H49+H62+H75+H88+H101+H114+H127+H140+H153+H166+H179+H192+H205 | I10: =G10+H10 | J10: =D10+G10 | K10: =E10+H10 | L10: =J10+K10 | M10: =IF(C10=0,0,L10/C10*100)
A11: 7 | B11: 3287 | C11: 1577.76 | D11: =D24+D37+D50+D63+D76+D89+D102+D115+D128+D141+D154+D167+D180+D193+D206 | E11: =E24+E37+E50+E63+E76+E89+E102+E115+E128+E141+E154+E167+E180+E193+E206 | F11: =D11+E11 | G11: =G24+G37+G50+G63+G76+G89+G102+G115+G128+G141+G154+G167+G180+G193+G206 | H11: =H24+H37+H50+H63+H76+H89+H102+H115+H128+H141+H154+H167+H180+H193+H206 | I11: =G11+H11 | J11: =D11+G11 | K11: =E11+H11 | L11: =J11+K11 | M11: =IF(C11=0,0,L11/C11*100)
A12: Total | B12: =SUM(B5:B11) | C12: =SUM(C5:C11) | D12: =SUM(D5:D11) | E12: =SUM(E5:E11) | F12: =D12+E12 | G12: =SUM(G5:G11) | H12: =SUM(H5:H11) | I12: =G12+H12 | J12: =D12+G12 | K12: =E12+H12 | L12: =J12+K12 | M12: =IF(C12=0,0,L12/C12*100)
A14: Day 1 - 2026-10-05 (Mon 19 Aswin 2083)
A15: Ward no. | B15: Total population | C15: JE target population | D15: Vaccinated | M15: Progress %
D16: Age 30-60 yrs | G16: Age 60 above | J16: Total | L16: Grand Total
D17: F | E17: M | F17: Total | G17: F | H17: M | I17: Total | J17: F | K17: M
A18: 1 | B18: =B5 | C18: =C5 | F18: =D18+E18 | I18: =G18+H18 | J18: =D18+G18 | K18: =E18+H18 | L18: =J18+K18 | M18: =IF(C18=0,0,L18/C18*100)
A19: 2 | B19: =B6 | C19: =C6 | F19: =D19+E19 | I19: =G19+H19 | J19: =D19+G19 | K19: =E19+H19 | L19: =J19+K19 | M19: =IF(C19=0,0,L19/C19*100)
A20: 3 | B20: =B7 | C20: =C7 | F20: =D20+E20 | I20: =G20+H20 | J20: =D20+G20 | K20: =E20+H20 | L20: =J20+K20 | M20: =IF(C20=0,0,L20/C20*100)
A21: 4 | B21: =B8 | C21: =C8 | F21: =D21+E21 | I21: =G21+H21 | J21: =D21+G21 | K21: =E21+H21 | L21: =J21+K21 | M21: =IF(C21=0,0,L21/C21*100)
A22: 5 | B22: =B9 | C22: =C9 | F22: =D22+E22 | I22: =G22+H22 | J22: =D22+G22 | K22: =E22+H22 | L22: =J22+K22 | M22: =IF(C22=0,0,L22/C22*100)
A23: 6 | B23: =B10 | C23: =C10 | F23: =D23+E23 | I23: =G23+H23 | J23: =D23+G23 | K23: =E23+H23 | L23: =J23+K23 | M23: =IF(C23=0,0,L23/C23*100)
A24: 7 | B24: =B11 | C24: =C11 | F24: =D24+E24 | I24: =G24+H24 | J24: =D24+G24 | K24: =E24+H24 | L24: =J24+K24 | M24: =IF(C24=0,0,L24/C24*100)
A25: Total | B25: =SUM(B18:B24) | C25: =SUM(C18:C24) | D25: =SUM(D18:D24) | E25: =SUM(E18:E24) | F25: =D25+E25 | G25: =SUM(G18:G24) | H25: =SUM(H18:H24) | I25: =G25+H25 | J25: =D25+G25 | K25: =E25+H25 | L25: =J25+K25 | M25: =IF(C25=0,0,L25/C25*100)
A27: Day 2 - 2026-10-06 (Tue 20 Aswin 2083)
A28: Ward no. | B28: Total population | C28: JE target population | D28: Vaccinated | M28: Progress %
D29: Age 30-60 yrs | G29: Age 60 above | J29: Total | L29: Grand Total
D30: F | E30: M | F30: Total | G30: F | H30: M | I30: Total | J30: F | K30: M
A31: 1 | B31: =B5 | C31: =C5 | F31: =D31+E31 | I31: =G31+H31 | J31: =D31+G31 | K31: =E31+H31 | L31: =J31+K31 | M31: =IF(C31=0,0,L31/C31*100)
A32: 2 | B32: =B6 | C32: =C6 | F32: =D32+E32 | I32: =G32+H32 | J32: =D32+G32 | K32: =E32+H32 | L32: =J32+K32 | M32: =IF(C32=0,0,L32/C32*100)
A33: 3 | B33: =B7 | C33: =C7 | F33: =D33+E33 | I33: =G33+H33 | J33: =D33+G33 | K33: =E33+H33 | L33: =J33+K33 | M33: =IF(C33=0,0,L33/C33*100)
A34: 4 | B34: =B8 | C34: =C8 | F34: =D34+E34 | I34: =G34+H34 | J34: =D34+G34 | K34: =E34+H34 | L34: =J34+K34 | M34: =IF(C34=0,0,L34/C34*100)
A35: 5 | B35: =B9 | C35: =C9 | F35: =D35+E35 | I35: =G35+H35 | J35: =D35+G35 | K35: =E35+H35 | L35: =J35+K35 | M35: =IF(C35=0,0,L35/C35*100)
A36: 6 | B36: =B10 | C36: =C10 | F36: =D36+E36 | I36: =G36+H36 | J36: =D36+G36 | K36: =E36+H36 | L36: =J36+K36 | M36: =IF(C36=0,0,L36/C36*100)
A37: 7 | B37: =B11 | C37: =C11 | F37: =D37+E37 | I37: =G37+H37 | J37: =D37+G37 | K37: =E37+H37 | L37: =J37+K37 | M37: =IF(C37=0,0,L37/C37*100)
A38: Total | B38: =SUM(B31:B37) | C38: =SUM(C31:C37) | D38: =SUM(D31:D37) | E38: =SUM(E31:E37) | F38: =D38+E38 | G38: =SUM(G31:G37) | H38: =SUM(H31:H37) | I38: =G38+H38 | J38: =D38+G38 | K38: =E38+H38 | L38: =J38+K38 | M38: =IF(C38=0,0,L38/C38*100)
A40: Day 3 - 2026-10-07 (Wed 21 Aswin 2083)
A41: Ward no. | B41: Total population | C41: JE target population | D41: Vaccinated | M41: Progress %
D42: Age 30-60 yrs | G42: Age 60 above | J42: Total | L42: Grand Total
D43: F | E43: M | F43: Total | G43: F | H43: M | I43: Total | J43: F | K43: M
A44: 1 | B44: =B5 | C44: =C5 | F44: =D44+E44 | I44: =G44+H44 | J44: =D44+G44 | K44: =E44+H44 | L44: =J44+K44 | M44: =IF(C44=0,0,L44/C44*100)
A45: 2 | B45: =B6 | C45: =C6 | F45: =D45+E45 | I45: =G45+H45 | J45: =D45+G45 | K45: =E45+H45 | L45: =J45+K45 | M45: =IF(C45=0,0,L45/C45*100)
A46: 3 | B46: =B7 | C46: =C7 | F46: =D46+E46 | I46: =G46+H46 | J46: =D46+G46 | K46: =E46+H46 | L46: =J46+K46 | M46: =IF(C46=0,0,L46/C46*100)
A47: 4 | B47: =B8 | C47: =C8 | F47: =D47+E47 | I47: =G47+H47 | J47: =D47+G47 | K47: =E47+H47 | L47: =J47+K47 | M47: =IF(C47=0,0,L47/C47*100)
A48: 5 | B48: =B9 | C48: =C9 | F48: =D48+E48 | I48: =G48+H48 | J48: =D48+G48 | K48: =E48+H48 | L48: =J48+K48 | M48: =IF(C48=0,0,L48/C48*100)
A49: 6 | B49: =B10 | C49: =C10 | F49: =D49+E49 | I49: =G49+H49 | J49: =D49+G49 | K49: =E49+H49 | L49: =J49+K49 | M49: =IF(C49=0,0,L49/C49*100)
A50: 7 | B50: =B11 | C50: =C11 | F50: =D50+E50 | I50: =G50+H50 | J50: =D50+G50 | K50: =E50+H50 | L50: =J50+K50 | M50: =IF(C50=0,0,L50/C50*100)
A51: Total | B51: =SUM(B44:B50) | C51: =SUM(C44:C50) | D51: =SUM(D44:D50) | E51: =SUM(E44:E50) | F51: =D51+E51 | G51: =SUM(G44:G50) | H51: =SUM(H44:H50) | I51: =G51+H51 | J51: =D51+G51 | K51: =E51+H51 | L51: =J51+K51 | M51: =IF(C51=0,0,L51/C51*100)
A53: Day 4 - 2026-10-08 (Thu 22 Aswin 2083)
A54: Ward no. | B54: Total population | C54: JE target population | D54: Vaccinated | M54: Progress %
D55: Age 30-60 yrs | G55: Age 60 above | J55: Total | L55: Grand Total
D56: F | E56: M | F56: Total | G56: F | H56: M | I56: Total | J56: F | K56: M
A57: 1 | B57: =B5 | C57: =C5 | F57: =D57+E57 | I57: =G57+H57 | J57: =D57+G57 | K57: =E57+H57 | L57: =J57+K57 | M57: =IF(C57=0,0,L57/C57*100)
A58: 2 | B58: =B6 | C58: =C6 | F58: =D58+E58 | I58: =G58+H58 | J58: =D58+G58 | K58: =E58+H58 | L58: =J58+K58 | M58: =IF(C58=0,0,L58/C58*100)
A59: 3 | B59: =B7 | C59: =C7 | F59: =D59+E59 | I59: =G59+H59 | J59: =D59+G59 | K59: =E59+H59 | L59: =J59+K59 | M59: =IF(C59=0,0,L59/C59*100)
A60: 4 | B60: =B8 | C60: =C8 | F60: =D60+E60 | I60: =G60+H60 | J60: =D60+G60 | K60: =E60+H60 | L60: =J60+K60 | M60: =IF(C60=0,0,L60/C60*100)
A61: 5 | B61: =B9 | C61: =C9 | F61: =D61+E61 | I61: =G61+H61 | J61: =D61+G61 | K61: =E61+H61 | L61: =J61+K61 | M61: =IF(C61=0,0,L61/C61*100)
A62: 6 | B62: =B10 | C62: =C10 | F62: =D62+E62 | I62: =G62+H62 | J62: =D62+G62 | K62: =E62+H62 | L62: =J62+K62 | M62: =IF(C62=0,0,L62/C62*100)
A63: 7 | B63: =B11 | C63: =C11 | F63: =D63+E63 | I63: =G63+H63 | J63: =D63+G63 | K63: =E63+H63 | L63: =J63+K63 | M63: =IF(C63=0,0,L63/C63*100)
A64: Total | B64: =SUM(B57:B63) | C64: =SUM(C57:C63) | D64: =SUM(D57:D63) | E64: =SUM(E57:E63) | F64: =D64+E64 | G64: =SUM(G57:G63) | H64: =SUM(H57:H63) | I64: =G64+H64 | J64: =D64+G64 | K64: =E64+H64 | L64: =J64+K64 | M64: =IF(C64=0,0,L64/C64*100)
A66: Day 5 - 2026-10-09 (Fri 23 Aswin 2083)
A67: Ward no. | B67: Total population | C67: JE target population | D67: Vaccinated | M67: Progress %
D68: Age 30-60 yrs | G68: Age 60 above | J68: Total | L68: Grand Total
D69: F | E69: M | F69: Total | G69: F | H69: M | I69: Total | J69: F | K69: M
A70: 1 | B70: =B5 | C70: =C5 | F70: =D70+E70 | I70: =G70+H70 | J70: =D70+G70 | K70: =E70+H70 | L70: =J70+K70 | M70: =IF(C70=0,0,L70/C70*100)
A71: 2 | B71: =B6 | C71: =C6 | F71: =D71+E71 | I71: =G71+H71 | J71: =D71+G71 | K71: =E71+H71 | L71: =J71+K71 | M71: =IF(C71=0,0,L71/C71*100)
A72: 3 | B72: =B7 | C72: =C7 | F72: =D72+E72 | I72: =G72+H72 | J72: =D72+G72 | K72: =E72+H72 | L72: =J72+K72 | M72: =IF(C72=0,0,L72/C72*100)
A73: 4 | B73: =B8 | C73: =C8 | F73: =D73+E73 | I73: =G73+H73 | J73: =D73+G73 | K73: =E73+H73 | L73: =J73+K73 | M73: =IF(C73=0,0,L73/C73*100)
A74: 5 | B74: =B9 | C74: =C9 | F74: =D74+E74 | I74: =G74+H74 | J74: =D74+G74 | K74: =E74+H74 | L74: =J74+K74 | M74: =IF(C74=0,0,L74/C74*100)
A75: 6 | B75: =B10 | C75: =C10 | F75: =D75+E75 | I75: =G75+H75 | J75: =D75+G75 | K75: =E75+H75 | L75: =J75+K75 | M75: =IF(C75=0,0,L75/C75*100)
A76: 7 | B76: =B11 | C76: =C11 | F76: =D76+E76 | I76: =G76+H76 | J76: =D76+G76 | K76: =E76+H76 | L76: =J76+K76 | M76: =IF(C76=0,0,L76/C76*100)
A77: Total | B77: =SUM(B70:B76) | C77: =SUM(C70:C76) | D77: =SUM(D70:D76) | E77: =SUM(E70:E76) | F77: =D77+E77 | G77: =SUM(G70:G76) | H77: =SUM(H70:H76) | I77: =G77+H77 | J77: =D77+G77 | K77: =E77+H77 | L77: =J77+K77 | M77: =IF(C77=0,0,L77/C77*100)
A79: Day 6 - 2026-10-10 (Sat 24 Aswin 2083)
A80: Ward no. | B80: Total population | C80: JE target population | D80: Vaccinated | M80: Progress %
D81: Age 30-60 yrs | G81: Age 60 above | J81: Total | L81: Grand Total
D82: F | E82: M | F82: Total | G82: F | H82: M | I82: Total | J82: F | K82: M
A83: 1 | B83: =B5 | C83: =C5 | F83: =D83+E83 | I83: =G83+H83 | J83: =D83+G83 | K83: =E83+H83 | L83: =J83+K83 | M83: =IF(C83=0,0,L83/C83*100)
A84: 2 | B84: =B6 | C84: =C6 | F84: =D84+E84 | I84: =G84+H84 | J84: =D84+G84 | K84: =E84+H84 | L84: =J84+K84 | M84: =IF(C84=0,0,L84/C84*100)
A85: 3 | B85: =B7 | C85: =C7 | F85: =D85+E85 | I85: =G85+H85 | J85: =D85+G85 | K85: =E85+H85 | L85: =J85+K85 | M85: =IF(C85=0,0,L85/C85*100)
A86: 4 | B86: =B8 | C86: =C8 | F86: =D86+E86 | I86: =G86+H86 | J86: =D86+G86 | K86: =E86+H86 | L86: =J86+K86 | M86: =IF(C86=0,0,L86/C86*100)
A87: 5 | B87: =B9 | C87: =C9 | F87: =D87+E87 | I87: =G87+H87 | J87: =D87+G87 | K87: =E87+H87 | L87: =J87+K87 | M87: =IF(C87=0,0,L87/C87*100)
A88: 6 | B88: =B10 | C88: =C10 | F88: =D88+E88 | I88: =G88+H88 | J88: =D88+G88 | K88: =E88+H88 | L88: =J88+K88 | M88: =IF(C88=0,0,L88/C88*100)
A89: 7 | B89: =B11 | C89: =C11 | F89: =D89+E89 | I89: =G89+H89 | J89: =D89+G89 | K89: =E89+H89 | L89: =J89+K89 | M89: =IF(C89=0,0,L89/C89*100)
A90: Total | B90: =SUM(B83:B89) | C90: =SUM(C83:C89) | D90: =SUM(D83:D89) | E90: =SUM(E83:E89) | F90: =D90+E90 | G90: =SUM(G83:G89) | H90: =SUM(H83:H89) | I90: =G90+H90 | J90: =D90+G90 | K90: =E90+H90 | L90: =J90+K90 | M90: =IF(C90=0,0,L90/C90*100)
A92: Day 7 - 2026-10-11 (Sun 25 Aswin 2083)
A93: Ward no. | B93: Total population | C93: JE target population | D93: Vaccinated | M93: Progress %
D94: Age 30-60 yrs | G94: Age 60 above | J94: Total | L94: Grand Total
D95: F | E95: M | F95: Total | G95: F | H95: M | I95: Total | J95: F | K95: M
A96: 1 | B96: =B5 | C96: =C5 | F96: =D96+E96 | I96: =G96+H96 | J96: =D96+G96 | K96: =E96+H96 | L96: =J96+K96 | M96: =IF(C96=0,0,L96/C96*100)
A97: 2 | B97: =B6 | C97: =C6 | F97: =D97+E97 | I97: =G97+H97 | J97: =D97+G97 | K97: =E97+H97 | L97: =J97+K97 | M97: =IF(C97=0,0,L97/C97*100)
A98: 3 | B98: =B7 | C98: =C7 | F98: =D98+E98 | I98: =G98+H98 | J98: =D98+G98 | K98: =E98+H98 | L98: =J98+K98 | M98: =IF(C98=0,0,L98/C98*100)
A99: 4 | B99: =B8 | C99: =C8 | F99: =D99+E99 | I99: =G99+H99 | J99: =D99+G99 | K99: =E99+H99 | L99: =J99+K99 | M99: =IF(C99=0,0,L99/C99*100)
A100: 5 | B100: =B9 | C100: =C9 | F100: =D100+E100 | I100: =G100+H100 | J100: =D100+G100 | K100: =E100+H100 | L100: =J100+K100 | M100: =IF(C100=0,0,L100/C100*100)
A101: 6 | B101: =B10 | C101: =C10 | F101: =D101+E101 | I101: =G101+H101 | J101: =D101+G101 | K101: =E101+H101 | L101: =J101+K101 | M101: =IF(C101=0,0,L101/C101*100)
A102: 7 | B102: =B11 | C102: =C11 | F102: =D102+E102 | I102: =G102+H102 | J102: =D102+G102 | K102: =E102+H102 | L102: =J102+K102 | M102: =IF(C102=0,0,L102/C102*100)
A103: Total | B103: =SUM(B96:B102) | C103: =SUM(C96:C102) | D103: =SUM(D96:D102) | E103: =SUM(E96:E102) | F103: =D103+E103 | G103: =SUM(G96:G102) | H103: =SUM(H96:H102) | I103: =G103+H103 | J103: =D103+G103 | K103: =E103+H103 | L103: =J103+K103 | M103: =IF(C103=0,0,L103/C103*100)
A105: Day 8 - 2026-10-12 (Mon 26 Aswin 2083)
A106: Ward no. | B106: Total population | C106: JE target population | D106: Vaccinated | M106: Progress %
D107: Age 30-60 yrs | G107: Age 60 above | J107: Total | L107: Grand Total
D108: F | E108: M | F108: Total | G108: F | H108: M | I108: Total | J108: F | K108: M
...

Sheet Birtamod Municipality
A1: Birtamod Municipality - Campaign Total (5-19 Oct 2026)
A2: Ward no. | B2: Total population | C2: JE target population | D2: Vaccinated | M2: Progress %
D3: Age 30-60 yrs | G3: Age 60 above | J3: Total | L3: Grand Total
D4: F | E4: M | F4: Total | G4: F | H4: M | I4: Total | J4: F | K4: M
A5: 1 | B5: 14715 | C5: 7063.2 | D5: =D21+D37+D53+D69+D85+D101+D117+D133+D149+D165+D181+D197+D213+D229+D245 | E5: =E21+E37+E53+E69+E85+E101+E117+E133+E149+E165+E181+E197+E213+E229+E245 | F5: =D5+E5 | G5: =G21+G37+G53+G69+G85+G101+G117+G133+G149+G165+G181+G197+G213+G229+G245 | H5: =H21+H37+H53+H69+H85+H101+H117+H133+H149+H165+H181+H197+H213+H229+H245 | I5: =G5+H5 | J5: =D5+G5 | K5: =E5+H5 | L5: =J5+K5 | M5: =IF(C5=0,0,L5/C5*100)
A6: 2 | B6: 14308 | C6: 6867.84 | D6: =D22+D38+D54+D70+D86+D102+D118+D134+D150+D166+D182+D198+D214+D230+D246 | E6: =E22+E38+E54+E70+E86+E102+E118+E134+E150+E166+E182+E198+E214+E230+E246 | F6: =D6+E6 | G6: =G22+G38+G54+G70+G86+G102+G118+G134+G150+G166+G182+G198+G214+G230+G246 | H6: =H22+H38+H54+H70+H86+H102+H118+H134+H150+H166+H182+H198+H214+H230+H246 | I6: =G6+H6 | J6: =D6+G6 | K6: =E6+H6 | L6: =J6+K6 | M6: =IF(C6=0,0,L6/C6*100)
A7: 3 | B7: 14218 | C7: 6824.64 | D7: =D23+D39+D55+D71+D87+D103+D119+D135+D151+D167+D183+D199+D215+D231+D247 | E7: =E23+E39+E55+E71+E87+E103+E119+E135+E151+E167+E183+E199+E215+E231+E247 | F7: =D7+E7 | G7: =G23+G39+G55+G71+G87+G103+G119+G135+G151+G167+G183+G199+G215+G231+G247 | H7: =H23+H39+H55+H71+H87+H103+H119+H135+H151+H167+H183+H199+H215+H231+H247 | I7: =G7+H7 | J7: =D7+G7 | K7: =E7+H7 | L7: =J7+K7 | M7: =IF(C7=0,0,L7/C7*100)
A8: 4 | B8: 17875 | C8: 8580 | D8: =D24+D40+D56+D72+D88+D104+D120+D136+D152+D168+D184+D200+D216+D232+D248 | E8: =E24+E40+E56+E72+E88+E104+E120+E136+E152+E168+E184+E200+E216+E232+E248 | F8: =D8+E8 | G8: =G24+G40+G56+G72+G88+G104+G120+G136+G152+G168+G184+G200+G216+G232+G248 | H8: =H24+H40+H56+H72+H88+H104+H120+H136+H152+H168+H184+H200+H216+H232+H248 | I8: =G8+H8 | J8: =D8+G8 | K8: =E8+H8 | L8: =J8+K8 | M8: =IF(C8=0,0,L8/C8*100)
A9: 5 | B9: 24323 | C9: 11675.04 | D9: =D25+D41+D57+D73+D89+D105+D121+D137+D153+D169+D185+D201+D217+D233+D249 | E9: =E25+E41+E57+E73+E89+E105+E121+E137+E153+E169+E185+E201+E217+E233+E249 | F9: =D9+E9 | G9: =G25+G41+G57+G73+G89+G105+G121+G137+G153+G169+G185+G201+G217+G233+G249 | H9: =H25+H41+H57+H73+H89+H105+H121+H137+H153+H169+H185+H201+H217+H233+H249 | I9: =G9+H9 | J9: =D9+G9 | K9: =E9+H9 | L9: =J9+K9 | M9: =IF(C9=0,0,L9/C9*100)
A10: 6 | B10: 9337 | C10: 4481.76 | D10: =D26+D42+D58+D74+D90+D106+D122+D138+D154+D170+D186+D202+D218+D234+D250 | E10: =E26+E42+E58+E74+E90+E106+E122+E138+E154+E170+E186+E202+E218+E234+E250 | F10: =D10+E10 | G10: =G26+G42+G58+G74+G90+G106+G122+G138+G154+G170+G186+G202+G218+G234+G250 | H10: =H26+H42+H58+H74+H90+H106+H122+H138+H154+H170+H186+H202+H218+H234+H250 | I10: =G10+H10 | J10: =D10+G10 | K10: =E10+H10 | L10: =J10+K10 | M10: =IF(C10=0,0,L10/C10*100)
A11: 7 | B11: 8819 | C11: 4233.12 | D11: =D27+D43+D59+D75+D91+D107+D123+D139+D155+D171+D187+D203+D219+D235+D251 | E11: =E27+E43+E59+E75+E91+E107+E123+E139+E155+E171+E187+E203+E219+E235+E251 | F11: =D11+E11 | G11: =G27+G43+G59+G75+G91+G107+G123+G139+G155+G171+G187+G203+G219+G235+G251 | H11: =H27+H43+H59+H75+H91+H107+H123+H139+H155+H171+H187+H203+H219+H235+H251 | I11: =G11+H11 | J11: =D11+G11 | K11: =E11+H11 | L11: =J11+K11 | M11: =IF(C11=0,0,L11/C11*100)
A12: 8 | B12: 6304 | C12: 3025.92 | D12: =D28+D44+D60+D76+D92+D108+D124+D140+D156+D172+D188+D204+D220+D236+D252 | E12: =E28+E44+E60+E76+E92+E108+E124+E140+E156+E172+E188+E204+E220+E236+E252 | F12: =D12+E12 | G12: =G28+G44+G60+G76+G92+G108+G124+G140+G156+G172+G188+G204+G220+G236+G252 | H12: =H28+H44+H60+H76+H92+H108+H124+H140+H156+H172+H188+H204+H220+H236+H252 | I12: =G12+H12 | J12: =D12+G12 | K12: =E12+H12 | L12: =J12+K12 | M12: =IF(C12=0,0,L12/C12*100)
A13: 9 | B13: 5891 | C13: 2827.68 | D13: =D29+D45+D61+D77+D93+D109+D125+D141+D157+D173+D189+D205+D221+D237+D253 | E13: =E29+E45+E61+E77+E93+E109+E125+E141+E157+E173+E189+E205+E221+E237+E253 | F13: =D13+E13 | G13: =G29+G45+G61+G77+G93+G109+G125+G141+G157+G173+G189+G205+G221+G237+G253 | H13: =H29+H45+H61+H77+H93+H109+H125+H141+H157+H173+H189+H205+H221+H237+H253 | I13: =G13+H13 | J13: =D13+G13 | K13: =E13+H13 | L13: =J13+K13 | M13: =IF(C13=0,0,L13/C13*100)
A14: 10 | B14: 8683 | C14: 4167.84 | D14: =D30+D46+D62+D78+D94+D110+D126+D142+D158+D174+D190+D206+D222+D238+D254 | E14: =E30+E46+E62+E78+E94+E110+E126+E142+E158+E174+E190+E206+E222+E238+E254 | F14: =D14+E14 | G14: =G30+G46+G62+G78+G94+G110+G126+G142+G158+G174+G190+G206+G222+G238+G254 | H14: =H30+H46+H62+H78+H94+H110+H126+H142+H158+H174+H190+H206+H222+H238+H254 | I14: =G14+H14 | J14: =D14+G14 | K14: =E14+H14 | L14: =J14+K14 | M14: =IF(C14=0,0,L14/C14*100)
A15: Total | B15: =SUM(B5:B14) | C15: =SUM(C5:C14) | D15: =SUM(D5:D14) | E15: =SUM(E5:E14) | F15: =D15+E15 | G15: =SUM(G5:G14) | H15: =SUM(H5:H14) | I15: =G15+H15 | J15: =D15+G15 | K15: =E15+H15 | L15: =J15+K15 | M15: =IF(C15=0,0,L15/C15*100)
A17: Day 1 - 2026-10-05 (Mon 19 Aswin 2083)
A18: Ward no. | B18: Total population | C18: JE target population | D18: Vaccinated | M18: Progress %
D19: Age 30-60 yrs | G19: Age 60 above | J19: Total | L19: Grand Total
D20: F | E20: M | F20: Total | G20: F | H20: M | I20: Total | J20: F | K20: M
A21: 1 | B21: =B5 | C21: =C5 | F21: =D21+E21 | I21: =G21+H21 | J21: =D21+G21 | K21: =E21+H21 | L21: =J21+K21 | M21: =IF(C21=0,0,L21/C21*100)
A22: 2 | B22: =B6 | C22: =C6 | F22: =D22+E22 | I22: =G22+H22 | J22: =D22+G22 | K22: =E22+H22 | L22: =J22+K22 | M22: =IF(C22=0,0,L22/C22*100)
A23: 3 | B23: =B7 | C23: =C7 | F23: =D23+E23 | I23: =G23+H23 | J23: =D23+G23 | K23: =E23+H23 | L23: =J23+K23 | M23: =IF(C23=0,0,L23/C23*100)
A24: 4 | B24: =B8 | C24: =C8 | F24: =D24+E24 | I24: =G24+H24 | J24: =D24+G24 | K24: =E24+H24 | L24: =J24+K24 | M24: =IF(C24=0,0,L24/C24*100)
A25: 5 | B25: =B9 | C25: =C9 | F25: =D25+E25 | I25: =G25+H25 | J25: =D25+G25 | K25: =E25+H25 | L25: =J25+K25 | M25: =IF(C25=0,0,L25/C25*100)
A26: 6 | B26: =B10 | C26: =C10 | F26: =D26+E26 | I26: =G26+H26 | J26: =D26+G26 | K26: =E26+H26 | L26: =J26+K26 | M26: =IF(C26=0,0,L26/C26*100)
A27: 7 | B27: =B11 | C27: =C11 | F27: =D27+E27 | I27: =G27+H27 | J27: =D27+G27 | K27: =E27+H27 | L27: =J27+K27 | M27: =IF(C27=0,0,L27/C27*100)
A28: 8 | B28: =B12 | C28: =C12 | F28: =D28+E28 | I28: =G28+H28 | J28: =D28+G28 | K28: =E28+H28 | L28: =J28+K28 | M28: =IF(C28=0,0,L28/C28*100)
A29: 9 | B29: =B13 | C29: =C13 | F29: =D29+E29 | I29: =G29+H29 | J29: =D29+G29 | K29: =E29+H29 | L29: =J29+K29 | M29: =IF(C29=0,0,L29/C29*100)
A30: 10 | B30: =B14 | C30: =C14 | F30: =D30+E30 | I30: =G30+H30 | J30: =D30+G30 | K30: =E30+H30 | L30: =J30+K30 | M30: =IF(C30=0,0,L30/C30*100)
A31: Total | B31: =SUM(B21:B30) | C31: =SUM(C21:C30) | D31: =SUM(D21:D30) | E31: =SUM(E21:E30) | F31: =D31+E31 | G31: =SUM(G21:G30) | H31: =SUM(H21:H30) | I31: =G31+H31 | J31: =D31+G31 | K31: =E31+H31 | L31: =J31+K31 | M31: =IF(C31=0,0,L31/C31*100)
A33: Day 2 - 2026-10-06 (Tue 20 Aswin 2083)
A34: Ward no. | B34: Total population | C34: JE target population | D34: Vaccinated | M34: Progress %
D35: Age 30-60 yrs | G35: Age 60 above | J35: Total | L35: Grand Total
D36: F | E36: M | F36: Total | G36: F | H36: M | I36: Total | J36: F | K36: M
A37: 1 | B37: =B5 | C37: =C5 | F37: =D37+E37 | I37: =G37+H37 | J37: =D37+G37 | K37: =E37+H37 | L37: =J37+K37 | M37: =IF(C37=0,0,L37/C37*100)
A38: 2 | B38: =B6 | C38: =C6 | F38: =D38+E38 | I38: =G38+H38 | J38: =D38+G38 | K38: =E38+H38 | L38: =J38+K38 | M38: =IF(C38=0,0,L38/C38*100)
A39: 3 | B39: =B7 | C39: =C7 | F39: =D39+E39 | I39: =G39+H39 | J39: =D39+G39 | K39: =E39+H39 | L39: =J39+K39 | M39: =IF(C39=0,0,L39/C39*100)
A40: 4 | B40: =B8 | C40: =C8 | F40: =D40+E40 | I40: =G40+H40 | J40: =D40+G40 | K40: =E40+H40 | L40: =J40+K40 | M40: =IF(C40=0,0,L40/C40*100)
A41: 5 | B41: =B9 | C41: =C9 | F41: =D41+E41 | I41: =G41+H41 | J41: =D41+G41 | K41: =E41+H41 | L41: =J41+K41 | M41: =IF(C41=0,0,L41/C41*100)
A42: 6 | B42: =B10 | C42: =C10 | F42: =D42+E42 | I42: =G42+H42 | J42: =D42+G42 | K42: =E42+H42 | L42: =J42+K42 | M42: =IF(C42=0,0,L42/C42*100)
A43: 7 | B43: =B11 | C43: =C11 | F43: =D43+E43 | I43: =G43+H43 | J43: =D43+G43 | K43: =E43+H43 | L43: =J43+K43 | M43: =IF(C43=0,0,L43/C43*100)
A44: 8 | B44: =B12 | C44: =C12 | F44: =D44+E44 | I44: =G44+H44 | J44: =D44+G44 | K44: =E44+H44 | L44: =J44+K44 | M44: =IF(C44=0,0,L44/C44*100)
A45: 9 | B45: =B13 | C45: =C13 | F45: =D45+E45 | I45: =G45+H45 | J45: =D45+G45 | K45: =E45+H45 | L45: =J45+K45 | M45: =IF(C45=0,0,L45/C45*100)
A46: 10 | B46: =B14 | C46: =C14 | F46: =D46+E46 | I46: =G46+H46 | J46: =D46+G46 | K46: =E46+H46 | L46: =J46+K46 | M46: =IF(C46=0,0,L46/C46*100)
A47: Total | B47: =SUM(B37:B46) | C47: =SUM(C37:C46) | D47: =SUM(D37:D46) | E47: =SUM(E37:E46) | F47: =D47+E47 | G47: =SUM(G37:G46) | H47: =SUM(H37:H46) | I47: =G47+H47 | J47: =D47+G47 | K47: =E47+H47 | L47: =J47+K47 | M47: =IF(C47=0,0,L47/C47*100)
A49: Day 3 - 2026-10-07 (Wed 21 Aswin 2083)
A50: Ward no. | B50: Total population | C50: JE target population | D50: Vaccinated | M50: Progress %
D51: Age 30-60 yrs | G51: Age 60 above | J51: Total | L51: Grand Total
D52: F | E52: M | F52: Total | G52: F | H52: M | I52: Total | J52: F | K52: M
A53: 1 | B53: =B5 | C53: =C5 | F53: =D53+E53 | I53: =G53+H53 | J53: =D53+G53 | K53: =E53+H53 | L53: =J53+K53 | M53: =IF(C53=0,0,L53/C53*100)
A54: 2 | B54: =B6 | C54: =C6 | F54: =D54+E54 | I54: =G54+H54 | J54: =D54+G54 | K54: =E54+H54 | L54: =J54+K54 | M54: =IF(C54=0,0,L54/C54*100)
A55: 3 | B55: =B7 | C55: =C7 | F55: =D55+E55 | I55: =G55+H55 | J55: =D55+G55 | K55: =E55+H55 | L55: =J55+K55 | M55: =IF(C55=0,0,L55/C55*100)
A56: 4 | B56: =B8 | C56: =C8 | F56: =D56+E56 | I56: =G56+H56 | J56: =D56+G56 | K56: =E56+H56 | L56: =J56+K56 | M56: =IF(C56=0,0,L56/C56*100)
A57: 5 | B57: =B9 | C57: =C9 | F57: =D57+E57 | I57: =G57+H57 | J57: =D57+G57 | K57: =E57+H57 | L57: =J57+K57 | M57: =IF(C57=0,0,L57/C57*100)
A58: 6 | B58: =B10 | C58: =C10 | F58: =D58+E58 | I58: =G58+H58 | J58: =D58+G58 | K58: =E58+H58 | L58: =J58+K58 | M58: =IF(C58=0,0,L58/C58*100)
A59: 7 | B59: =B11 | C59: =C11 | F59: =D59+E59 | I59: =G59+H59 | J59: =D59+G59 | K59: =E59+H59 | L59: =J59+K59 | M59: =IF(C59=0,0,L59/C59*100)
A60: 8 | B60: =B12 | C60: =C12 | F60: =D60+E60 | I60: =G60+H60 | J60: =D60+G60 | K60: =E60+H60 | L60: =J60+K60 | M60: =IF(C60=0,0,L60/C60*100)
A61: 9 | B61: =B13 | C61: =C13 | F61: =D61+E61 | I61: =G61+H61 | J61: =D61+G61 | K61: =E61+H61 | L61: =J61+K61 | M61: =IF(C61=0,0,L61/C61*100)
A62: 10 | B62: =B14 | C62: =C14 | F62: =D62+E62 | I62: =G62+H62 | J62: =D62+G62 | K62: =E62+H62 | L62: =J62+K62 | M62: =IF(C62=0,0,L62/C62*100)
A63: Total | B63: =SUM(B53:B62) | C63: =SUM(C53:C62) | D63: =SUM(D53:D62) | E63: =SUM(E53:E62) | F63: =D63+E63 | G63: =SUM(G53:G62) | H63: =SUM(H53:H62) | I63: =G63+H63 | J63: =D63+G63 | K63: =E63+H63 | L63: =J63+K63 | M63: =IF(C63=0,0,L63/C63*100)
A65: Day 4 - 2026-10-08 (Thu 22 Aswin 2083)
A66: Ward no. | B66: Total population | C66: JE target population | D66: Vaccinated | M66: Progress %
D67: Age 30-60 yrs | G67: Age 60 above | J67: Total | L67: Grand Total
D68: F | E68: M | F68: Total | G68: F | H68: M | I68: Total | J68: F | K68: M
A69: 1 | B69: =B5 | C69: =C5 | F69: =D69+E69 | I69: =G69+H69 | J69: =D69+G69 | K69: =E69+H69 | L69: =J69+K69 | M69: =IF(C69=0,0,L69/C69*100)
A70: 2 | B70: =B6 | C70: =C6 | F70: =D70+E70 | I70: =G70+H70 | J70: =D70+G70 | K70: =E70+H70 | L70: =J70+K70 | M70: =IF(C70=0,0,L70/C70*100)
A71: 3 | B71: =B7 | C71: =C7 | F71: =D71+E71 | I71: =G71+H71 | J71: =D71+G71 | K71: =E71+H71 | L71: =J71+K71 | M71: =IF(C71=0,0,L71/C71*100)
A72: 4 | B72: =B8 | C72: =C8 | F72: =D72+E72 | I72: =G72+H72 | J72: =D72+G72 | K72: =E72+H72 | L72: =J72+K72 | M72: =IF(C72=0,0,L72/C72*100)
A73: 5 | B73: =B9 | C73: =C9 | F73: =D73+E73 | I73: =G73+H73 | J73: =D73+G73 | K73: =E73+H73 | L73: =J73+K73 | M73: =IF(C73=0,0,L73/C73*100)
A74: 6 | B74: =B10 | C74: =C10 | F74: =D74+E74 | I74: =G74+H74 | J74: =D74+G74 | K74: =E74+H74 | L74: =J74+K74 | M74: =IF(C74=0,0,L74/C74*100)
A75: 7 | B75: =B11 | C75: =C11 | F75: =D75+E75 | I75: =G75+H75 | J75: =D75+G75 | K75: =E75+H75 | L75: =J75+K75 | M75: =IF(C75=0,0,L75/C75*100)
A76: 8 | B76: =B12 | C76: =C12 | F76: =D76+E76 | I76: =G76+H76 | J76: =D76+G76 | K76: =E76+H76 | L76: =J76+K76 | M76: =IF(C76=0,0,L76/C76*100)
A77: 9 | B77: =B13 | C77: =C13 | F77: =D77+E77 | I77: =G77+H77 | J77: =D77+G77 | K77: =E77+H77 | L77: =J77+K77 | M77: =IF(C77=0,0,L77/C77*100)
A78: 10 | B78: =B14 | C78: =C14 | F78: =D78+E78 | I78: =G78+H78 | J78: =D78+G78 | K78: =E78+H78 | L78: =J78+K78 | M78: =IF(C78=0,0,L78/C78*100)
A79: Total | B79: =SUM(B69:B78) | C79: =SUM(C69:C78) | D79: =SUM(D69:D78) | E79: =SUM(E69:E78) | F79: =D79+E79 | G79: =SUM(G69:G78) | H79: =SUM(H69:H78) | I79: =G79+H79 | J79: =D79+G79 | K79: =E79+H79 | L79: =J79+K79 | M79: =IF(C79=0,0,L79/C79*100)
A81: Day 5 - 2026-10-09 (Fri 23 Aswin 2083)
A82: Ward no. | B82: Total population | C82: JE target population | D82: Vaccinated | M82: Progress %
D83: Age 30-60 yrs | G83: Age 60 above | J83: Total | L83: Grand Total
D84: F | E84: M | F84: Total | G84: F | H84: M | I84: Total | J84: F | K84: M
A85: 1 | B85: =B5 | C85: =C5 | F85: =D85+E85 | I85: =G85+H85 | J85: =D85+G85 | K85: =E85+H85 | L85: =J85+K85 | M85: =IF(C85=0,0,L85/C85*100)
A86: 2 | B86: =B6 | C86: =C6 | F86: =D86+E86 | I86: =G86+H86 | J86: =D86+G86 | K86: =E86+H86 | L86: =J86+K86 | M86: =IF(C86=0,0,L86/C86*100)
A87: 3 | B87: =B7 | C87: =C7 | F87: =D87+E87 | I87: =G87+H87 | J87: =D87+G87 | K87: =E87+H87 | L87: =J87+K87 | M87: =IF(C87=0,0,L87/C87*100)
A88: 4 | B88: =B8 | C88: =C8 | F88: =D88+E88 | I88: =G88+H88 | J88: =D88+G88 | K88: =E88+H88 | L88: =J88+K88 | M88: =IF(C88=0,0,L88/C88*100)
A89: 5 | B89: =B9 | C89: =C9 | F89: =D89+E89 | I89: =G89+H89 | J89: =D89+G89 | K89: =E89+H89 | L89: =J89+K89 | M89: =IF(C89=0,0,L89/C89*100)
A90: 6 | B90: =B10 | C90: =C10 | F90: =D90+E90 | I90: =G90+H90 | J90: =D90+G90 | K90: =E90+H90 | L90: =J90+K90 | M90: =IF(C90=0,0,L90/C90*100)
A91: 7 | B91: =B11 | C91: =C11 | F91: =D91+E91 | I91: =G91+H91 | J91: =D91+G91 | K91: =E91+H91 | L91: =J91+K91 | M91: =IF(C91=0,0,L91/C91*100)
A92: 8 | B92: =B12 | C92: =C12 | F92: =D92+E92 | I92: =G92+H92 | J92: =D92+G92 | K92: =E92+H92 | L92: =J92+K92 | M92: =IF(C92=0,0,L92/C92*100)
A93: 9 | B93: =B13 | C93: =C13 | F93: =D93+E93 | I93: =G93+H93 | J93: =D93+G93 | K93: =E93+H93 | L93: =J93+K93 | M93: =IF(C93=0,0,L93/C93*100)
A94: 10 | B94: =B14 | C94: =C14 | F94: =D94+E94 | I94: =G94+H94 | J94: =D94+G94 | K94: =E94+H94 | L94: =J94+K94 | M94: =IF(C94=0,0,L94/C94*100)
A95: Total | B95: =SUM(B85:B94) | C95: =SUM(C85:C94) | D95: =SUM(D85:D94) | E95: =SUM(E85:E94) | F95: =D95+E95 | G95: =SUM(G85:G94) | H95: =SUM(H85:H94) | I95: =G95+H95 | J95: =D95+G95 | K95: =E95+H95 | L95: =J95+K95 | M95: =IF(C95=0,0,L95/C95*100)
A97: Day 6 - 2026-10-10 (Sat 24 Aswin 2083)
A98: Ward no. | B98: Total population | C98: JE target population | D98: Vaccinated | M98: Progress %
D99: Age 30-60 yrs | G99: Age 60 above | J99: Total | L99: Grand Total
D100: F | E100: M | F100: Total | G100: F | H100: M | I100: Total | J100: F | K100: M
A101: 1 | B101: =B5 | C101: =C5 | F101: =D101+E101 | I101: =G101+H101 | J101: =D101+G101 | K101: =E101+H101 | L101: =J101+K101 | M101: =IF(C101=0,0,L101/C101*100)
A102: 2 | B102: =B6 | C102: =C6 | F102: =D102+E102 | I102: =G102+H102 | J102: =D102+G102 | K102: =E102+H102 | L102: =J102+K102 | M102: =IF(C102=0,0,L102/C102*100)
A103: 3 | B103: =B7 | C103: =C7 | F103: =D103+E103 | I103: =G103+H103 | J103: =D103+G103 | K103: =E103+H103 | L103: =J103+K103 | M103: =IF(C103=0,0,L103/C103*100)
A104: 4 | B104: =B8 | C104: =C8 | F104: =D104+E104 | I104: =G104+H104 | J104: =D104+G104 | K104: =E104+H104 | L104: =J104+K104 | M104: =IF(C104=0,0,L104/C104*100)
A105: 5 | B105: =B9 | C105: =C9 | F105: =D105+E105 | I105: =G105+H105 | J105: =D105+G105 | K105: =E105+H105 | L105: =J105+K105 | M105: =IF(C105=0,0,L105/C105*100)
A106: 6 | B106: =B10 | C106: =C10 | F106: =D106+E106 | I106: =G106+H106 | J106: =D106+G106 | K106: =E106+H106 | L106: =J106+K106 | M106: =IF(C106=0,0,L106/C106*100)
...

Sheet Haldibari Gaunpalika
A1: Haldibari Gaunpalika - Campaign Total (5-19 Oct 2026)
A2: Ward no. | B2: Total population | C2: JE target population | D2: Vaccinated | M2: Progress %
D3: Age 30-60 yrs | G3: Age 60 above | J3: Total | L3: Grand Total
D4: F | E4: M | F4: Total | G4: F | H4: M | I4: Total | J4: F | K4: M
A5: 1 | B5: 8307 | C5: 3987.36 | D5: =D16+D27+D38+D49+D60+D71+D82+D93+D104+D115+D126+D137+D148+D159+D170 | E5: =E16+E27+E38+E49+E60+E71+E82+E93+E104+E115+E126+E137+E148+E159+E170 | F5: =D5+E5 | G5: =G16+G27+G38+G49+G60+G71+G82+G93+G104+G115+G126+G137+G148+G159+G170 | H5: =H16+H27+H38+H49+H60+H71+H82+H93+H104+H115+H126+H137+H148+H159+H170 | I5: =G5+H5 | J5: =D5+G5 | K5: =E5+H5 | L5: =J5+K5 | M5: =IF(C5=0,0,L5/C5*100)
A6: 2 | B6: 9433 | C6: 4527.84 | D6: =D17+D28+D39+D50+D61+D72+D83+D94+D105+D116+D127+D138+D149+D160+D171 | E6: =E17+E28+E39+E50+E61+E72+E83+E94+E105+E116+E127+E138+E149+E160+E171 | F6: =D6+E6 | G6: =G17+G28+G39+G50+G61+G72+G83+G94+G105+G116+G127+G138+G149+G160+G171 | H6: =H17+H28+H39+H50+H61+H72+H83+H94+H105+H116+H127+H138+H149+H160+H171 | I6: =G6+H6 | J6: =D6+G6 | K6: =E6+H6 | L6: =J6+K6 | M6: =IF(C6=0,0,L6/C6*100)
A7: 3 | B7: 5330 | C7: 2558.4 | D7: =D18+D29+D40+D51+D62+D73+D84+D95+D106+D117+D128+D139+D150+D161+D172 | E7: =E18+E29+E40+E51+E62+E73+E84+E95+E106+E117+E128+E139+E150+E161+E172 | F7: =D7+E7 | G7: =G18+G29+G40+G51+G62+G73+G84+G95+G106+G117+G128+G139+G150+G161+G172 | H7: =H18+H29+H40+H51+H62+H73+H84+H95+H106+H117+H128+H139+H150+H161+H172 | I7: =G7+H7 | J7: =D7+G7 | K7: =E7+H7 | L7: =J7+K7 | M7: =IF(C7=0,0,L7/C7*100)
A8: 4 | B8: 5863 | C8: 2814.24 | D8: =D19+D30+D41+D52+D63+D74+D85+D96+D107+D118+D129+D140+D151+D162+D173 | E8: =E19+E30+E41+E52+E63+E74+E85+E96+E107+E118+E129+E140+E151+E162+E173 | F8: =D8+E8 | G8: =G19+G30+G41+G52+G63+G74+G85+G96+G107+G118+G129+G140+G151+G162+G173 | H8: =H19+H30+H41+H52+H63+H74+H85+H96+H107+H118+H129+H140+H151+H162+H173 | I8: =G8+H8 | J8: =D8+G8 | K8: =E8+H8 | L8: =J8+K8 | M8: =IF(C8=0,0,L8/C8*100)
A9: 5 | B9: 3791 | C9: 1819.68 | D9: =D20+D31+D42+D53+D64+D75+D86+D97+D108+D119+D130+D141+D152+D163+D174 | E9: =E20+E31+E42+E53+E64+E75+E86+E97+E108+E119+E130+E141+E152+E163+E174 | F9: =D9+E9 | G9: =G20+G31+G42+G53+G64+G75+G86+G97+G108+G119+G130+G141+G152+G163+G174 | H9: =H20+H31+H42+H53+H64+H75+H86+H97+H108+H119+H130+H141+H152+H163+H174 | I9: =G9+H9 | J9: =D9+G9 | K9: =E9+H9 | L9: =J9+K9 | M9: =IF(C9=0,0,L9/C9*100)
A10: Total | B10: =SUM(B5:B9) | C10: =SUM(C5:C9) | D10: =SUM(D5:D9) | E10: =SUM(E5:E9) | F10: =D10+E10 | G10: =SUM(G5:G9) | H10: =SUM(H5:H9) | I10: =G10+H10 | J10: =D10+G10 | K10: =E10+H10 | L10: =J10+K10 | M10: =IF(C10=0,0,L10/C10*100)
A12: Day 1 - 2026-10-05 (Mon 19 Aswin 2083)
A13: Ward no. | B13: Total population | C13: JE target population | D13: Vaccinated | M13: Progress %
D14: Age 30-60 yrs | G14: Age 60 above | J14: Total | L14: Grand Total
D15: F | E15: M | F15: Total | G15: F | H15: M | I15: Total | J15: F | K15: M
A16: 1 | B16: =B5 | C16: =C5 | F16: =D16+E16 | I16: =G16+H16 | J16: =D16+G16 | K16: =E16+H16 | L16: =J16+K16 | M16: =IF(C16=0,0,L16/C16*100)
A17: 2 | B17: =B6 | C17: =C6 | F17: =D17+E17 | I17: =G17+H17 | J17: =D17+G17 | K17: =E17+H17 | L17: =J17+K17 | M17: =IF(C17=0,0,L17/C17*100)
A18: 3 | B18: =B7 | C18: =C7 | F18: =D18+E18 | I18: =G18+H18 | J18: =D18+G18 | K18: =E18+H18 | L18: =J18+K18 | M18: =IF(C18=0,0,L18/C18*100)
A19: 4 | B19: =B8 | C19: =C8 | F19: =D19+E19 | I19: =G19+H19 | J19: =D19+G19 | K19: =E19+H19 | L19: =J19+K19 | M19: =IF(C19=0,0,L19/C19*100)
A20: 5 | B20: =B9 | C20: =C9 | F20: =D20+E20 | I20: =G20+H20 | J20: =D20+G20 | K20: =E20+H20 | L20: =J20+K20 | M20: =IF(C20=0,0,L20/C20*100)
A21: Total | B21: =SUM(B16:B20) | C21: =SUM(C16:C20) | D21: =SUM(D16:D20) | E21: =SUM(E16:E20) | F21: =D21+E21 | G21: =SUM(G16:G20) | H21: =SUM(H16:H20) | I21: =G21+H21 | J21: =D21+G21 | K21: =E21+H21 | L21: =J21+K21 | M21: =IF(C21=0,0,L21/C21*100)
A23: Day 2 - 2026-10-06 (Tue 20 Aswin 2083)
A24: Ward no. | B24: Total population | C24: JE target population | D24: Vaccinated | M24: Progress %
D25: Age 30-60 yrs | G25: Age 60 above | J25: Total | L25: Grand Total
D26: F | E26: M | F26: Total | G26: F | H26: M | I26: Total | J26: F | K26: M
A27: 1 | B27: =B5 | C27: =C5 | F27: =D27+E27 | I27: =G27+H27 | J27: =D27+G27 | K27: =E27+H27 | L27: =J27+K27 | M27: =IF(C27=0,0,L27/C27*100)
A28: 2 | B28: =B6 | C28: =C6 | F28: =D28+E28 | I28: =G28+H28 | J28: =D28+G28 | K28: =E28+H28 | L28: =J28+K28 | M28: =IF(C28=0,0,L28/C28*100)
A29: 3 | B29: =B7 | C29: =C7 | F29: =D29+E29 | I29: =G29+H29 | J29: =D29+G29 | K29: =E29+H29 | L29: =J29+K29 | M29: =IF(C29=0,0,L29/C29*100)
A30: 4 | B30: =B8 | C30: =C8 | F30: =D30+E30 | I30: =G30+H30 | J30: =D30+G30 | K30: =E30+H30 | L30: =J30+K30 | M30: =IF(C30=0,0,L30/C30*100)
A31: 5 | B31: =B9 | C31: =C9 | F31: =D31+E31 | I31: =G31+H31 | J31: =D31+G31 | K31: =E31+H31 | L31: =J31+K31 | M31: =IF(C31=0,0,L31/C31*100)
A32: Total | B32: =SUM(B27:B31) | C32: =SUM(C27:C31) | D32: =SUM(D27:D31) | E32: =SUM(E27:E31) | F32: =D32+E32 | G32: =SUM(G27:G31) | H32: =SUM(H27:H31) | I32: =G32+H32 | J32: =D32+G32 | K32: =E32+H32 | L32: =J32+K32 | M32: =IF(C32=0,0,L32/C32*100)
A34: Day 3 - 2026-10-07 (Wed 21 Aswin 2083)
A35: Ward no. | B35: Total population | C35: JE target population | D35: Vaccinated | M35: Progress %
D36: Age 30-60 yrs | G36: Age 60 above | J36: Total | L36: Grand Total
D37: F | E37: M | F37: Total | G37: F | H37: M | I37: Total | J37: F | K37: M
A38: 1 | B38: =B5 | C38: =C5 | F38: =D38+E38 | I38: =G38+H38 | J38: =D38+G38 | K38: =E38+H38 | L38: =J38+K38 | M38: =IF(C38=0,0,L38/C38*100)
A39: 2 | B39: =B6 | C39: =C6 | F39: =D39+E39 | I39: =G39+H39 | J39: =D39+G39 | K39: =E39+H39 | L39: =J39+K39 | M39: =IF(C39=0,0,L39/C39*100)
A40: 3 | B40: =B7 | C40: =C7 | F40: =D40+E40 | I40: =G40+H40 | J40: =D40+G40 | K40: =E40+H40 | L40: =J40+K40 | M40: =IF(C40=0,0,L40/C40*100)
A41: 4 | B41: =B8 | C41: =C8 | F41: =D41+E41 | I41: =G41+H41 | J41: =D41+G41 | K41: =E41+H41 | L41: =J41+K41 | M41: =IF(C41=0,0,L41/C41*100)
A42: 5 | B42: =B9 | C42: =C9 | F42: =D42+E42 | I42: =G42+H42 | J42: =D42+G42 | K42: =E42+H42 | L42: =J42+K42 | M42: =IF(C42=0,0,L42/C42*100)
A43: Total | B43: =SUM(B38:B42) | C43: =SUM(C38:C42) | D43: =SUM(D38:D42) | E43: =SUM(E38:E42) | F43: =D43+E43 | G43: =SUM(G38:G42) | H43: =SUM(H38:H42) | I43: =G43+H43 | J43: =D43+G43 | K43: =E43+H43 | L43: =J43+K43 | M43: =IF(C43=0,0,L43/C43*100)
A45: Day 4 - 2026-10-08 (Thu 22 Aswin 2083)
A46: Ward no. | B46: Total population | C46: JE target population | D46: Vaccinated | M46: Progress %
D47: Age 30-60 yrs | G47: Age 60 above | J47: Total | L47: Grand Total
D48: F | E48: M | F48: Total | G48: F | H48: M | I48: Total | J48: F | K48: M
A49: 1 | B49: =B5 | C49: =C5 | F49: =D49+E49 | I49: =G49+H49 | J49: =D49+G49 | K49: =E49+H49 | L49: =J49+K49 | M49: =IF(C49=0,0,L49/C49*100)
A50: 2 | B50: =B6 | C50: =C6 | F50: =D50+E50 | I50: =G50+H50 | J50: =D50+G50 | K50: =E50+H50 | L50: =J50+K50 | M50: =IF(C50=0,0,L50/C50*100)
A51: 3 | B51: =B7 | C51: =C7 | F51: =D51+E51 | I51: =G51+H51 | J51: =D51+G51 | K51: =E51+H51 | L51: =J51+K51 | M51: =IF(C51=0,0,L51/C51*100)
A52: 4 | B52: =B8 | C52: =C8 | F52: =D52+E52 | I52: =G52+H52 | J52: =D52+G52 | K52: =E52+H52 | L52: =J52+K52 | M52: =IF(C52=0,0,L52/C52*100)
A53: 5 | B53: =B9 | C53: =C9 | F53: =D53+E53 | I53: =G53+H53 | J53: =D53+G53 | K53: =E53+H53 | L53: =J53+K53 | M53: =IF(C53=0,0,L53/C53*100)
A54: Total | B54: =SUM(B49:B53) | C54: =SUM(C49:C53) | D54: =SUM(D49:D53) | E54: =SUM(E49:E53) | F54: =D54+E54 | G54: =SUM(G49:G53) | H54: =SUM(H49:H53) | I54: =G54+H54 | J54: =D54+G54 | K54: =E54+H54 | L54: =J54+K54 | M54: =IF(C54=0,0,L54/C54*100)
A56: Day 5 - 2026-10-09 (Fri 23 Aswin 2083)
A57: Ward no. | B57: Total population | C57: JE target population | D57: Vaccinated | M57: Progress %
D58: Age 30-60 yrs | G58: Age 60 above | J58: Total | L58: Grand Total
D59: F | E59: M | F59: Total | G59: F | H59: M | I59: Total | J59: F | K59: M
A60: 1 | B60: =B5 | C60: =C5 | F60: =D60+E60 | I60: =G60+H60 | J60: =D60+G60 | K60: =E60+H60 | L60: =J60+K60 | M60: =IF(C60=0,0,L60/C60*100)
A61: 2 | B61: =B6 | C61: =C6 | F61: =D61+E61 | I61: =G61+H61 | J61: =D61+G61 | K61: =E61+H61 | L61: =J61+K61 | M61: =IF(C61=0,0,L61/C61*100)
A62: 3 | B62: =B7 | C62: =C7 | F62: =D62+E62 | I62: =G62+H62 | J62: =D62+G62 | K62: =E62+H62 | L62: =J62+K62 | M62: =IF(C62=0,0,L62/C62*100)
A63: 4 | B63: =B8 | C63: =C8 | F63: =D63+E63 | I63: =G63+H63 | J63: =D63+G63 | K63: =E63+H63 | L63: =J63+K63 | M63: =IF(C63=0,0,L63/C63*100)
A64: 5 | B64: =B9 | C64: =C9 | F64: =D64+E64 | I64: =G64+H64 | J64: =D64+G64 | K64: =E64+H64 | L64: =J64+K64 | M64: =IF(C64=0,0,L64/C64*100)
A65: Total | B65: =SUM(B60:B64) | C65: =SUM(C60:C64) | D65: =SUM(D60:D64) | E65: =SUM(E60:E64) | F65: =D65+E65 | G65: =SUM(G60:G64) | H65: =SUM(H60:H64) | I65: =G65+H65 | J65: =D65+G65 | K65: =E65+H65 | L65: =J65+K65 | M65: =IF(C65=0,0,L65/C65*100)
A67: Day 6 - 2026-10-10 (Sat 24 Aswin 2083)
A68: Ward no. | B68: Total population | C68: JE target population | D68: Vaccinated | M68: Progress %
D69: Age 30-60 yrs | G69: Age 60 above | J69: Total | L69: Grand Total
D70: F | E70: M | F70: Total | G70: F | H70: M | I70: Total | J70: F | K70: M
A71: 1 | B71: =B5 | C71: =C5 | F71: =D71+E71 | I71: =G71+H71 | J71: =D71+G71 | K71: =E71+H71 | L71: =J71+K71 | M71: =IF(C71=0,0,L71/C71*100)
A72: 2 | B72: =B6 | C72: =C6 | F72: =D72+E72 | I72: =G72+H72 | J72: =D72+G72 | K72: =E72+H72 | L72: =J72+K72 | M72: =IF(C72=0,0,L72/C72*100)
A73: 3 | B73: =B7 | C73: =C7 | F73: =D73+E73 | I73: =G73+H73 | J73: =D73+G73 | K73: =E73+H73 | L73: =J73+K73 | M73: =IF(C73=0,0,L73/C73*100)
A74: 4 | B74: =B8 | C74: =C8 | F74: =D74+E74 | I74: =G74+H74 | J74: =D74+G74 | K74: =E74+H74 | L74: =J74+K74 | M74: =IF(C74=0,0,L74/C74*100)
A75: 5 | B75: =B9 | C75: =C9 | F75: =D75+E75 | I75: =G75+H75 | J75: =D75+G75 | K75: =E75+H75 | L75: =J75+K75 | M75: =IF(C75=0,0,L75/C75*100)
A76: Total | B76: =SUM(B71:B75) | C76: =SUM(C71:C75) | D76: =SUM(D71:D75) | E76: =SUM(E71:E75) | F76: =D76+E76 | G76: =SUM(G71:G75) | H76: =SUM(H71:H75) | I76: =G76+H76 | J76: =D76+G76 | K76: =E76+H76 | L76: =J76+K76 | M76: =IF(C76=0,0,L76/C76*100)
A78: Day 7 - 2026-10-11 (Sun 25 Aswin 2083)
A79: Ward no. | B79: Total population | C79: JE target population | D79: Vaccinated | M79: Progress %
D80: Age 30-60 yrs | G80: Age 60 above | J80: Total | L80: Grand Total
D81: F | E81: M | F81: Total | G81: F | H81: M | I81: Total | J81: F | K81: M
A82: 1 | B82: =B5 | C82: =C5 | F82: =D82+E82 | I82: =G82+H82 | J82: =D82+G82 | K82: =E82+H82 | L82: =J82+K82 | M82: =IF(C82=0,0,L82/C82*100)
A83: 2 | B83: =B6 | C83: =C6 | F83: =D83+E83 | I83: =G83+H83 | J83: =D83+G83 | K83: =E83+H83 | L83: =J83+K83 | M83: =IF(C83=0,0,L83/C83*100)
A84: 3 | B84: =B7 | C84: =C7 | F84: =D84+E84 | I84: =G84+H84 | J84: =D84+G84 | K84: =E84+H84 | L84: =J84+K84 | M84: =IF(C84=0,0,L84/C84*100)
A85: 4 | B85: =B8 | C85: =C8 | F85: =D85+E85 | I85: =G85+H85 | J85: =D85+G85 | K85: =E85+H85 | L85: =J85+K85 | M85: =IF(C85=0,0,L85/C85*100)
A86: 5 | B86: =B9 | C86: =C9 | F86: =D86+E86 | I86: =G86+H86 | J86: =D86+G86 | K86: =E86+H86 | L86: =J86+K86 | M86: =IF(C86=0,0,L86/C86*100)
A87: Total | B87: =SUM(B82:B86) | C87: =SUM(C82:C86) | D87: =SUM(D82:D86) | E87: =SUM(E82:E86) | F87: =D87+E87 | G87: =SUM(G82:G86) | H87: =SUM(H82:H86) | I87: =G87+H87 | J87: =D87+G87 | K87: =E87+H87 | L87: =J87+K87 | M87: =IF(C87=0,0,L87/C87*100)
A89: Day 8 - 2026-10-12 (Mon 26 Aswin 2083)
